Campaign name	Campaign ID	Campaign flight start date	Campaign flight end date	Campaign budget	Campaign planned cost	Campaign buy total	Buy detail	Supplier	Package type name	Primary placement	Name	Placement number	Flight start date	Flight end date	Dimension	Cost method	Rate	Total Planned Units	Total Planned Cost	2017-09 - Planned Units	2017-09 - Planned Cost	2017-10 - Planned Units	2017-10 - Planned Cost	Company ID	Person ID	Exported by	Exported on	Exported from
TJN_MAR_023_Marshalls 2H Digital_F18	CPD8SG	9/5/2017	2/3/2018	"$450,919.00 "	"$2,212,322.27 "	"$2,212,322.27 "	I | TJN | MAR	BUSTLE	Package		PK5G31_TJN_MAR_023_Content_BUSTLE_Interactive Flowchart Pacakage_Run of Channel_Contextual_F25-54_Click and View_NV_NA	PK5G31	10/13/2017	11/12/2017		CPA	0.40	"250,000"	"$100,000.00 "			"153,226"	"$61,290.40 "	MSNYID	MBUIMONY	MINH BUI	"2017-11-08 12:04:40, EST"	Prisma Campaign Ad server
TJN_MAR_023_Marshalls 2H Digital_F18	CPD8SG	9/5/2017	2/3/2018	"$450,919.00 "	"$2,212,322.27 "	"$2,212,322.27 "	I | TJN | MAR	BUSTLE	Child		PK5G39_TJN_MAR_023_Content_BUSTLE_Interactive Flowchart with Social Promotion #1_Run of Channel_Contextual_F25-54_1 x 1_Click and View_NV_NA	PK5G39	10/13/2017	11/12/2017	1 x 1	CPA	0.40	"250,000"	"$100,000.00 "					MSNYID	MBUIMONY	MINH BUI	"2017-11-08 12:04:40, EST"	Prisma Campaign Ad server
TJN_MAR_023_Marshalls 2H Digital_F18	CPD8SG	9/5/2017	2/3/2018	"$450,919.00 "	"$2,212,322.27 "	"$2,212,322.27 "	I | TJN | MAR	BUSTLE	Child		PK5G3B_TJN_MAR_023_Content_BUSTLE_Interactive Flowchart with Social Promotion #2_Run of Channel_Contextual_F25-54_1 x 1_Click and View_NV_NA	PK5G3B	10/13/2017	11/12/2017	1 x 1	CPA	0.40	"250,000"	"$100,000.00 "					MSNYID	MBUIMONY	MINH BUI	"2017-11-08 12:04:40, EST"	Prisma Campaign Ad server
TJN_MAR_023_Marshalls 2H Digital_F18	CPD8SG	9/5/2017	2/3/2018	"$450,919.00 "	"$2,212,322.27 "	"$2,212,322.27 "	I | TJN | MAR	BUSTLE	Child		PK5G3C_TJN_MAR_023_Content_BUSTLE_Interactive Flowchart with Social Promotion #3_Run of Channel_Contextual_F25-54_1 x 1_Click and View_NV_NA	PK5G3C	10/13/2017	11/12/2017	1 x 1	CPA	0.40	"250,000"	"$100,000.00 "					MSNYID	MBUIMONY	MINH BUI	"2017-11-08 12:04:40, EST"	Prisma Campaign Ad server
TJN_MAR_023_Marshalls 2H Digital_F18	CPD8SG	9/5/2017	2/3/2018	"$450,919.00 "	"$2,212,322.27 "	"$2,212,322.27 "	I | TJN | MAR	BUSTLE	Package		PK5G32_TJN_MAR_023_Content_BUSTLE_Standard Articles Package_Run of Channel_Contextual_F25-54_Click and View_NV_NA	PK5G32	10/5/2017	11/12/2017		CPA	0.35	"238,095"	"$83,333.25 "			"164,835"	"$57,692.25 "	MSNYID	MBUIMONY	MINH BUI	"2017-11-08 12:04:40, EST"	Prisma Campaign Ad server
TJN_MAR_023_Marshalls 2H Digital_F18	CPD8SG	9/5/2017	2/3/2018	"$450,919.00 "	"$2,212,322.27 "	"$2,212,322.27 "	I | TJN | MAR	BUSTLE	Child		PK5G3D_TJN_MAR_023_Content_BUSTLE_Standard Features with Social Promotion #1_Run of Channel_Contextual_F25-54_1 x 1_Click and View_NV_NA	PK5G3D	10/5/2017	11/12/2017	1 x 1	CPA	0.35	"238,095"	"$83,333.25 "					MSNYID	MBUIMONY	MINH BUI	"2017-11-08 12:04:40, EST"	Prisma Campaign Ad server
TJN_MAR_023_Marshalls 2H Digital_F18	CPD8SG	9/5/2017	2/3/2018	"$450,919.00 "	"$2,212,322.27 "	"$2,212,322.27 "	I | TJN | MAR	BUSTLE	Child		PK5G3F_TJN_MAR_023_Content_BUSTLE_Standard Features with Social Promotion #2_Run of Channel_Contextual_F25-54_1 x 1_Click and View_NV_NA	PK5G3F	10/5/2017	11/12/2017	1 x 1	CPA	0.35	"238,095"	"$83,333.25 "					MSNYID	MBUIMONY	MINH BUI	"2017-11-08 12:04:40, EST"	Prisma Campaign Ad server
TJN_MAR_023_Marshalls 2H Digital_F18	CPD8SG	9/5/2017	2/3/2018	"$450,919.00 "	"$2,212,322.27 "	"$2,212,322.27 "	I | TJN | MAR	BUSTLE	Child		PK5G3G_TJN_MAR_023_Content_BUSTLE_Standard Features with Social Promotion #3_Run of Channel_Contextual_F25-54_1 x 1_Click and View_NV_NA	PK5G3G	10/5/2017	11/12/2017	1 x 1	CPA	0.35	"238,095"	"$83,333.25 "					MSNYID	MBUIMONY	MINH BUI	"2017-11-08 12:04:40, EST"	Prisma Campaign Ad server
TJN_MAR_023_Marshalls 2H Digital_F18	CPD8SG	9/5/2017	2/3/2018	"$450,919.00 "	"$2,212,322.27 "	"$2,212,322.27 "	I | TJN | MAR	BUSTLE	Package		PK5G33_TJN_MAR_023_Content_BUSTLE_Custom Shot Feature Package_Run of Channel_Contextual_F25-54_Click and View_NV_NA	PK5G33	10/5/2017	11/12/2017		CPA	0.35	"238,095"	"$83,333.25 "			"164,835"	"$57,692.25 "	MSNYID	MBUIMONY	MINH BUI	"2017-11-08 12:04:40, EST"	Prisma Campaign Ad server
TJN_MAR_023_Marshalls 2H Digital_F18	CPD8SG	9/5/2017	2/3/2018	"$450,919.00 "	"$2,212,322.27 "	"$2,212,322.27 "	I | TJN | MAR	BUSTLE	Child		PK5G3H_TJN_MAR_023_Content_BUSTLE_Custom Shot Feature with Social Promotion #1_Run of Channel_Contextual_F25-54_1 x 1_Click and View_NV_NA	PK5G3H	10/5/2017	11/12/2017	1 x 1	CPA	0.35	"238,095"	"$83,333.25 "					MSNYID	MBUIMONY	MINH BUI	"2017-11-08 12:04:40, EST"	Prisma Campaign Ad server
TJN_MAR_023_Marshalls 2H Digital_F18	CPD8SG	9/5/2017	2/3/2018	"$450,919.00 "	"$2,212,322.27 "	"$2,212,322.27 "	I | TJN | MAR	BUSTLE	Child		PK5G3J_TJN_MAR_023_Content_BUSTLE_Custom Shot Feature with Social Promotion #2_Run of Channel_Contextual_F25-54_1 x 1_Click and View_NV_NA	PK5G3J	10/5/2017	11/12/2017	1 x 1	CPA	0.35	"238,095"	"$83,333.25 "					MSNYID	MBUIMONY	MINH BUI	"2017-11-08 12:04:40, EST"	Prisma Campaign Ad server
TJN_MAR_023_Marshalls 2H Digital_F18	CPD8SG	9/5/2017	2/3/2018	"$450,919.00 "	"$2,212,322.27 "	"$2,212,322.27 "	I | TJN | MAR	BUSTLE	Child		PK5G3K_TJN_MAR_023_Content_BUSTLE_Custom Shot Feature with Social Influencer Content with Social Promotion #3_Run of Channel_Contextual_F25-54_1 x 1_Click and View_NV_NA	PK5G3K	10/5/2017	11/12/2017	1 x 1	CPA	0.35	"238,095"	"$83,333.25 "					MSNYID	MBUIMONY	MINH BUI	"2017-11-08 12:04:40, EST"	Prisma Campaign Ad server
TJN_MAR_023_Marshalls 2H Digital_F18	CPD8SG	9/5/2017	2/3/2018	"$450,919.00 "	"$2,212,322.27 "	"$2,212,322.27 "	I | TJN | MAR	BUSTLE	Package		PK5G34_TJN_MAR_023_Social_BUSTLE_Instagram Meme Package_Social_Contextual_F25-54_Click and View_NV_NA	PK5G34	10/5/2017	11/12/2017		CPA	0.05	"1,777,778"	"$88,888.90 "			"1,230,770"	"$61,538.50 "	MSNYID	MBUIMONY	MINH BUI	"2017-11-08 12:04:40, EST"	Prisma Campaign Ad server
TJN_MAR_023_Marshalls 2H Digital_F18	CPD8SG	9/5/2017	2/3/2018	"$450,919.00 "	"$2,212,322.27 "	"$2,212,322.27 "	I | TJN | MAR	BUSTLE	Child		PK5G3L_TJN_MAR_023_Social_BUSTLE_Instagram Meme with Sponsored Promotion #1_Social_Contextual_F25-54_1 x 1_Click and View_NV_NA	PK5G3L	10/5/2017	11/12/2017	1 x 1	CPA	0.05	"1,777,778"	"$88,888.90 "					MSNYID	MBUIMONY	MINH BUI	"2017-11-08 12:04:40, EST"	Prisma Campaign Ad server
TJN_MAR_023_Marshalls 2H Digital_F18	CPD8SG	9/5/2017	2/3/2018	"$450,919.00 "	"$2,212,322.27 "	"$2,212,322.27 "	I | TJN | MAR	BUSTLE	Child		PK5G3M_TJN_MAR_023_Social_BUSTLE_Instagram Meme with Sponsored Promotion #2_Social_Contextual_F25-54_1 x 1_Click and View_NV_NA	PK5G3M	10/5/2017	11/12/2017	1 x 1	CPA	0.05	"1,777,778"	"$88,888.90 "					MSNYID	MBUIMONY	MINH BUI	"2017-11-08 12:04:40, EST"	Prisma Campaign Ad server
TJN_MAR_023_Marshalls 2H Digital_F18	CPD8SG	9/5/2017	2/3/2018	"$450,919.00 "	"$2,212,322.27 "	"$2,212,322.27 "	I | TJN | MAR	BUSTLE	Child		PK5G3N_TJN_MAR_023_Social_BUSTLE_Instagram Meme with Sponsored Promotion #3_Social_Contextual_F25-54_1 x 1_Click and View_NV_NA	PK5G3N	10/5/2017	11/12/2017	1 x 1	CPA	0.05	"1,777,778"	"$88,888.90 "					MSNYID	MBUIMONY	MINH BUI	"2017-11-08 12:04:40, EST"	Prisma Campaign Ad server
TJN_MAR_023_Marshalls 2H Digital_F18	CPD8SG	9/5/2017	2/3/2018	"$450,919.00 "	"$2,212,322.27 "	"$2,212,322.27 "	I | TJN | MAR	BUSTLE	Child		PK5G3P_TJN_MAR_023_Social_BUSTLE_Instagram Meme with Sponsored Promotion #4_Social_Contextual_F25-54_1 x 1_Click and View_NV_NA	PK5G3P	10/5/2017	11/12/2017	1 x 1	CPA	0.05	"1,777,778"	"$88,888.90 "					MSNYID	MBUIMONY	MINH BUI	"2017-11-08 12:04:40, EST"	Prisma Campaign Ad server
TJN_MAR_023_Marshalls 2H Digital_F18	CPD8SG	9/5/2017	2/3/2018	"$450,919.00 "	"$2,212,322.27 "	"$2,212,322.27 "	I | TJN | MAR	BUSTLE	Package		PK5G35_TJN_MAR_023_Social_BUSTLE_Instagram Custom Content Package_Social_Contextual_F25-54_Click and View_NV_NA	PK5G35	10/16/2017	11/12/2017		CPA	0.05	"888,889"	"$44,444.45 "			"507,937"	"$25,396.85 "	MSNYID	MBUIMONY	MINH BUI	"2017-11-08 12:04:40, EST"	Prisma Campaign Ad server
TJN_MAR_023_Marshalls 2H Digital_F18	CPD8SG	9/5/2017	2/3/2018	"$450,919.00 "	"$2,212,322.27 "	"$2,212,322.27 "	I | TJN | MAR	BUSTLE	Child		PK5G3Q_TJN_MAR_023_Social_BUSTLE_Instagram Custom Content with Sponsored Promotion [From Custom Shot Features] #1_Social_Contextual_F25-54_1 x 1_Click and View_NV_NA	PK5G3Q	10/16/2017	11/12/2017	1 x 1	CPA	0.05	"888,889"	"$44,444.45 "					MSNYID	MBUIMONY	MINH BUI	"2017-11-08 12:04:40, EST"	Prisma Campaign Ad server
TJN_MAR_023_Marshalls 2H Digital_F18	CPD8SG	9/5/2017	2/3/2018	"$450,919.00 "	"$2,212,322.27 "	"$2,212,322.27 "	I | TJN | MAR	BUSTLE	Child		PK5G3R_TJN_MAR_023_Social_BUSTLE_Instagram Custom Content with Sponsored Promotion [From Custom Shot Features] #2_Social_Contextual_F25-54_1 x 1_Click and View_NV_NA	PK5G3R	10/16/2017	11/12/2017	1 x 1	CPA	0.05	"888,889"	"$44,444.45 "					MSNYID	MBUIMONY	MINH BUI	"2017-11-08 12:04:40, EST"	Prisma Campaign Ad server
TJN_MAR_023_Marshalls 2H Digital_F18	CPD8SG	9/5/2017	2/3/2018	"$450,919.00 "	"$2,212,322.27 "	"$2,212,322.27 "	I | TJN | MAR	BUSTLE	Package		"PK5G36_TJN_MAR_023_Content_BUSTLE_ROC Fashion, Lifestyle Channel - Package_Run of Site_Contextual_F25-54_Click and View_NV_NA"	PK5G36	10/5/2017	11/12/2017		CPMV	20.80	"4,687,500"	"$97,500.00 "			"3,245,193"	"$67,500.01 "	MSNYID	MBUIMONY	MINH BUI	"2017-11-08 12:04:40, EST"	Prisma Campaign Ad server
TJN_MAR_023_Marshalls 2H Digital_F18	CPD8SG	9/5/2017	2/3/2018	"$450,919.00 "	"$2,212,322.27 "	"$2,212,322.27 "	I | TJN | MAR	BUSTLE	Child		"PK5G3X_TJN_MAR_023_Content_BUSTLE_ROC Fashion, Lifestyle Channel - Panoramic Unit_Run of Site_Contextual_F25-54_1 x 1_Click and View_NV_NA"	PK5G3X	10/5/2017	11/12/2017	1 x 1	CPMV	20.80	"4,687,500"	"$97,500.00 "					MSNYID	MBUIMONY	MINH BUI	"2017-11-08 12:04:40, EST"	Prisma Campaign Ad server
TJN_MAR_023_Marshalls 2H Digital_F18	CPD8SG	9/5/2017	2/3/2018	"$450,919.00 "	"$2,212,322.27 "	"$2,212,322.27 "	I | TJN | MAR	BUSTLE	Standalone		PK5G3Z_TJN_MAR_023_Content_BUSTLE_RON - Bustle & Elite Daily 3rd Party Data Targeted & Keyword Targeted - Panoramic_Run of Network_Contextual_F25-54_1 x 1_Click and View_NV_NA	PK5G3Z	10/5/2017	11/12/2017	1 x 1	CPMV	18.00	"3,250,000"	"$58,500.00 "			"2,250,000"	"$40,500.00 "	MSNYID	MBUIMONY	MINH BUI	"2017-11-08 12:04:40, EST"	Prisma Campaign Ad server
TJN_MAR_023_Marshalls 2H Digital_F18	CPD8SG	9/5/2017	2/3/2018	"$450,919.00 "	"$2,212,322.27 "	"$2,212,322.27 "	I | TJN | MAR	BUSTLE	Standalone		PK5G3T_TJN_MAR_023_Content_BUSTLE_Fall Fashion Finds Topic Page Sponsorship_Run of Site_Contextual_F25-54_1 x 1_Click and View_NV_NA	PK5G3T	10/5/2017	11/12/2017	1 x 1	Flat	10000.00	"500,000"	"$10,000.00 "			"346,154"	"$6,923.08 "	MSNYID	MBUIMONY	MINH BUI	"2017-11-08 12:04:40, EST"	Prisma Campaign Ad server
TJN_MAR_023_Marshalls 2H Digital_F18	CPD8SG	9/5/2017	2/3/2018	"$450,919.00 "	"$2,212,322.27 "	"$2,212,322.27 "	I | TJN | MAR	BUSTLE	Package		PKLN81_TJN_MAR_023_Content_BUSTLE_HPTO - 10/12_Run of Site_Contextual_F25-54_Click and View_NV_NA	PKLN81	10/12/2017	10/31/2017		Flat	8500.00	"150,000"	"$8,500.00 "			"150,000"	"$8,500.00 "	MSNYID	MBUIMONY	MINH BUI	"2017-11-08 12:04:40, EST"	Prisma Campaign Ad server
TJN_MAR_023_Marshalls 2H Digital_F18	CPD8SG	9/5/2017	2/3/2018	"$450,919.00 "	"$2,212,322.27 "	"$2,212,322.27 "	I | TJN | MAR	BUSTLE	Child		PK5G3W_TJN_MAR_023_Content_BUSTLE_HPTO - Panoramic Unit 10/12_Run of Site_Contextual_F25-54_1 x 1_Click and View_NV_NA	PK5G3W	10/12/2017	10/31/2017	1 x 1	Flat	8500.00	"150,000"	"$8,500.00 "					MSNYID	MBUIMONY	MINH BUI	"2017-11-08 12:04:40, EST"	Prisma Campaign Ad server
TJN_MAR_023_Marshalls 2H Digital_F18	CPD8SG	9/5/2017	2/3/2018	"$450,919.00 "	"$2,212,322.27 "	"$2,212,322.27 "	I | TJN | MAR	BUSTLE	Package		PKM1VS_TJN_MAR_023_Content_BUSTLE_HPTO - 10/17_HP Takeover_Contextual_F25-54_Click and View_NV_NA	PKM1VS	10/17/2017	10/17/2017		Flat	8500.00	"300,000"	"$8,500.00 "			"300,000"	"$8,500.00 "	MSNYID	MBUIMONY	MINH BUI	"2017-11-08 12:04:40, EST"	Prisma Campaign Ad server
TJN_MAR_023_Marshalls 2H Digital_F18	CPD8SG	9/5/2017	2/3/2018	"$450,919.00 "	"$2,212,322.27 "	"$2,212,322.27 "	I | TJN | MAR	BUSTLE	Child		PKLNMK_TJN_MAR_023_Content_BUSTLE_HPTO - Panoramic Unit 10/17_Run of Site_Contextual_F25-54_1 x 1_Click and View_NV_NA	PKLNMK	10/17/2017	10/17/2017	1 x 1	Flat	8500.00	"300,000"	"$8,500.00 "					MSNYID	MBUIMONY	MINH BUI	"2017-11-08 12:04:40, EST"	Prisma Campaign Ad server
TJN_MAR_023_Marshalls 2H Digital_F18	CPD8SG	9/5/2017	2/3/2018	"$450,919.00 "	"$2,212,322.27 "	"$2,212,322.27 "	I | TJN | MAR	BUSTLE	Child		PKLNMT_TJN_MAR_023_Content_BUSTLE_HPTO - 300x250 10/17_Run of Site_Contextual_F25-54_300 x 250_Click and View_NV_NA	PKLNMT	10/17/2017	10/17/2017	300 x 250	Flat	8500.00	"300,000"	"$8,500.00 "					MSNYID	MBUIMONY	MINH BUI	"2017-11-08 12:04:40, EST"	Prisma Campaign Ad server
TJN_MAR_023_Marshalls 2H Digital_F18	CPD8SG	9/5/2017	2/3/2018	"$450,919.00 "	"$2,212,322.27 "	"$2,212,322.27 "	I | TJN | MAR	BUSTLE	Package		PKM1X7_TJN_MAR_023_Content_BUSTLE_HPTO - 10/26_HP Takeover_Contextual_F25-54_Click and View_NV_NA	PKM1X7	10/26/2017	10/26/2017		Flat	8500.00	"300,000"	"$8,500.00 "			"300,000"	"$8,500.00 "	MSNYID	MBUIMONY	MINH BUI	"2017-11-08 12:04:40, EST"	Prisma Campaign Ad server
TJN_MAR_023_Marshalls 2H Digital_F18	CPD8SG	9/5/2017	2/3/2018	"$450,919.00 "	"$2,212,322.27 "	"$2,212,322.27 "	I | TJN | MAR	BUSTLE	Child		PKLNMZ_TJN_MAR_023_Content_BUSTLE_HPTO - Panoramic Unit 10/26_Run of Site_Contextual_F25-54_1 x 1_Click and View_NV_NA	PKLNMZ	10/26/2017	10/26/2017	1 x 1	Flat	8500.00	"300,000"	"$8,500.00 "					MSNYID	MBUIMONY	MINH BUI	"2017-11-08 12:04:40, EST"	Prisma Campaign Ad server
TJN_MAR_023_Marshalls 2H Digital_F18	CPD8SG	9/5/2017	2/3/2018	"$450,919.00 "	"$2,212,322.27 "	"$2,212,322.27 "	I | TJN | MAR	BUSTLE	Child		PKLNNB_TJN_MAR_023_Content_BUSTLE_HPTO - 300x250 10/26_Run of Site_Contextual_F25-54_300 x 250_Click and View_NV_NA	PKLNNB	10/26/2017	10/26/2017	300 x 250	Flat	8500.00	"300,000"	"$8,500.00 "					MSNYID	MBUIMONY	MINH BUI	"2017-11-08 12:04:40, EST"	Prisma Campaign Ad server
TJN_MAR_023_Marshalls 2H Digital_F18	CPD8SG	9/5/2017	2/3/2018	"$450,919.00 "	"$2,212,322.27 "	"$2,212,322.27 "	I | TJN | MAR	BUSTLE	Package		PKM2W8_TJN_MAR_023_Content_BUSTLE_HPTO - 10/31_HP Takeover_Contextual_F25-54_Click and View_NV_NA	PKM2W8	10/31/2017	10/31/2017		Flat	8500.00	"300,000"	"$8,500.00 "			"300,000"	"$8,500.00 "	MSNYID	MBUIMONY	MINH BUI	"2017-11-08 12:04:40, EST"	Prisma Campaign Ad server
TJN_MAR_023_Marshalls 2H Digital_F18	CPD8SG	9/5/2017	2/3/2018	"$450,919.00 "	"$2,212,322.27 "	"$2,212,322.27 "	I | TJN | MAR	BUSTLE	Child		PKLNNJ_TJN_MAR_023_Content_BUSTLE_HPTO - Panoramic Unit 10/31_Run of Site_Contextual_F25-54_1 x 1_Click and View_NV_NA	PKLNNJ	10/31/2017	10/31/2017	1 x 1	Flat	8500.00	"300,000"	"$8,500.00 "					MSNYID	MBUIMONY	MINH BUI	"2017-11-08 12:04:40, EST"	Prisma Campaign Ad server
TJN_MAR_023_Marshalls 2H Digital_F18	CPD8SG	9/5/2017	2/3/2018	"$450,919.00 "	"$2,212,322.27 "	"$2,212,322.27 "	I | TJN | MAR	BUSTLE	Child		PKLNNN_TJN_MAR_023_Content_BUSTLE_HPTO - 300x250 10/31_Run of Site_Contextual_F25-54_300 x 250_Click and View_NV_NA	PKLNNN	10/31/2017	10/31/2017	300 x 250	Flat	8500.00	"300,000"	"$8,500.00 "					MSNYID	MBUIMONY	MINH BUI	"2017-11-08 12:04:40, EST"	Prisma Campaign Ad server
TJN_MAR_023_Marshalls 2H Digital_F18	CPD8SG	9/5/2017	2/3/2018	"$450,919.00 "	"$2,212,322.27 "	"$2,212,322.27 "	I | TJN | MAR	BUSTLE	Package		PK5G38_TJN_MAR_023_Content_BUSTLE_Custom Content Roadblock - Package_Roadblock_Contextual_F25-54_Click and View_NV_NA	PK5G38	10/5/2017	11/12/2017		Free	0.00	"1,114,286"	$0.00 			"771,429"	$0.00 	MSNYID	MBUIMONY	MINH BUI	"2017-11-08 12:04:40, EST"	Prisma Campaign Ad server
TJN_MAR_023_Marshalls 2H Digital_F18	CPD8SG	9/5/2017	2/3/2018	"$450,919.00 "	"$2,212,322.27 "	"$2,212,322.27 "	I | TJN | MAR	BUSTLE	Child		PK5G41_TJN_MAR_023_Content_BUSTLE_Custom Content Roadblock Standard Feature 1 - Panoramic_Roadblock_Contextual_F25-54_1 x 1_Click and View_NV_NA	PK5G41	10/5/2017	11/12/2017	1 x 1	Free	0.00	"1,114,286"	$0.00 					MSNYID	MBUIMONY	MINH BUI	"2017-11-08 12:04:40, EST"	Prisma Campaign Ad server
TJN_MAR_023_Marshalls 2H Digital_F18	CPD8SG	9/5/2017	2/3/2018	"$450,919.00 "	"$2,212,322.27 "	"$2,212,322.27 "	I | TJN | MAR	BUSTLE	Child		PK5G42_TJN_MAR_023_Content_BUSTLE_Custom Content Roadblock Standard Feature 1 - 300x250_Roadblock_Contextual_F25-54_300 x 250_Click and View_NV_NA	PK5G42	10/5/2017	11/12/2017	300 x 250	Free	0.00	"1,114,286"	$0.00 					MSNYID	MBUIMONY	MINH BUI	"2017-11-08 12:04:40, EST"	Prisma Campaign Ad server
TJN_MAR_023_Marshalls 2H Digital_F18	CPD8SG	9/5/2017	2/3/2018	"$450,919.00 "	"$2,212,322.27 "	"$2,212,322.27 "	I | TJN | MAR	BUSTLE	Child		PKG3YV_TJN_MAR_023_Content_BUSTLE_Custom Content Roadblock Standard Feature 2 - Panoramic_Roadblock_Contextual_F25-54_1 x 1_Click and View_NV_NA	PKG3YV	10/5/2017	11/12/2017	1 x 1	Free	0.00	"1,114,286"	$0.00 					MSNYID	MBUIMONY	MINH BUI	"2017-11-08 12:04:40, EST"	Prisma Campaign Ad server
TJN_MAR_023_Marshalls 2H Digital_F18	CPD8SG	9/5/2017	2/3/2018	"$450,919.00 "	"$2,212,322.27 "	"$2,212,322.27 "	I | TJN | MAR	BUSTLE	Child		PKG3Z0_TJN_MAR_023_Content_BUSTLE_Custom Content Roadblock Standard Feature 3 - Panoramic_Roadblock_Contextual_F25-54_1 x 1_Click and View_NV_NA	PKG3Z0	10/5/2017	11/12/2017	1 x 1	Free	0.00	"1,114,286"	$0.00 					MSNYID	MBUIMONY	MINH BUI	"2017-11-08 12:04:40, EST"	Prisma Campaign Ad server
TJN_MAR_023_Marshalls 2H Digital_F18	CPD8SG	9/5/2017	2/3/2018	"$450,919.00 "	"$2,212,322.27 "	"$2,212,322.27 "	I | TJN | MAR	BUSTLE	Child		PKG3Z2_TJN_MAR_023_Content_BUSTLE_Custom Content Roadblock Custom Shot Feature 1 - Panoramic_Roadblock_Contextual_F25-54_1 x 1_Click and View_NV_NA	PKG3Z2	10/5/2017	11/12/2017	1 x 1	Free	0.00	"1,114,286"	$0.00 					MSNYID	MBUIMONY	MINH BUI	"2017-11-08 12:04:40, EST"	Prisma Campaign Ad server
TJN_MAR_023_Marshalls 2H Digital_F18	CPD8SG	9/5/2017	2/3/2018	"$450,919.00 "	"$2,212,322.27 "	"$2,212,322.27 "	I | TJN | MAR	BUSTLE	Child		PKG3Z8_TJN_MAR_023_Content_BUSTLE_Custom Content Roadblock Custom Shot Feature 2 - Panoramic_Roadblock_Contextual_F25-54_1 x 1_Click and View_NV_NA	PKG3Z8	10/5/2017	11/12/2017	1 x 1	Free	0.00	"1,114,286"	$0.00 					MSNYID	MBUIMONY	MINH BUI	"2017-11-08 12:04:40, EST"	Prisma Campaign Ad server
TJN_MAR_023_Marshalls 2H Digital_F18	CPD8SG	9/5/2017	2/3/2018	"$450,919.00 "	"$2,212,322.27 "	"$2,212,322.27 "	I | TJN | MAR	BUSTLE	Child		PKGB5V_TJN_MAR_023_Content_BUSTLE_Custom Content Roadblock Custom Shot Feature 3 - Panoramic_Roadblock_Contextual_F25-54_1 x 1_Click and View_NV_NA	PKGB5V	10/5/2017	11/12/2017	1 x 1	Free	0.00	"1,114,286"	$0.00 					MSNYID	MBUIMONY	MINH BUI	"2017-11-08 12:04:40, EST"	Prisma Campaign Ad server
TJN_MAR_023_Marshalls 2H Digital_F18	CPD8SG	9/5/2017	2/3/2018	"$450,919.00 "	"$2,212,322.27 "	"$2,212,322.27 "	I | TJN | MAR	BUSTLE	Child		PKGB6K_TJN_MAR_023_Content_BUSTLE_Custom Content Roadblock Standard Feature 2 - 300x250_Roadblock_Contextual_F25-54_300 x 250_Click and View_NV_NA	PKGB6K	10/5/2017	11/12/2017	300 x 250	Free	0.00	"1,114,286"	$0.00 					MSNYID	MBUIMONY	MINH BUI	"2017-11-08 12:04:40, EST"	Prisma Campaign Ad server
TJN_MAR_023_Marshalls 2H Digital_F18	CPD8SG	9/5/2017	2/3/2018	"$450,919.00 "	"$2,212,322.27 "	"$2,212,322.27 "	I | TJN | MAR	BUSTLE	Child		PKGB6X_TJN_MAR_023_Content_BUSTLE_Custom Content Roadblock Standard Feature 3 - 300x250_Roadblock_Contextual_F25-54_300 x 250_Click and View_NV_NA	PKGB6X	10/5/2017	11/12/2017	300 x 250	Free	0.00	"1,114,286"	$0.00 					MSNYID	MBUIMONY	MINH BUI	"2017-11-08 12:04:40, EST"	Prisma Campaign Ad server
TJN_MAR_023_Marshalls 2H Digital_F18	CPD8SG	9/5/2017	2/3/2018	"$450,919.00 "	"$2,212,322.27 "	"$2,212,322.27 "	I | TJN | MAR	BUSTLE	Child		PKGB7M_TJN_MAR_023_Content_BUSTLE_Custom Content Roadblock Custom Shot Feature 2 - 300x250_Roadblock_Contextual_F25-54_300 x 250_Click and View_NV_NA	PKGB7M	10/5/2017	11/12/2017	300 x 250	Free	0.00	"1,114,286"	$0.00 					MSNYID	MBUIMONY	MINH BUI	"2017-11-08 12:04:40, EST"	Prisma Campaign Ad server
TJN_MAR_023_Marshalls 2H Digital_F18	CPD8SG	9/5/2017	2/3/2018	"$450,919.00 "	"$2,212,322.27 "	"$2,212,322.27 "	I | TJN | MAR	BUSTLE	Child		PKGB7T_TJN_MAR_023_Content_BUSTLE_Custom Content Roadblock Custom Shot Feature 1 - 300x250_Roadblock_Contextual_F25-54_300 x 250_Click and View_NV_NA	PKGB7T	10/5/2017	11/12/2017	300 x 250	Free	0.00	"1,114,286"	$0.00 					MSNYID	MBUIMONY	MINH BUI	"2017-11-08 12:04:40, EST"	Prisma Campaign Ad server
TJN_MAR_023_Marshalls 2H Digital_F18	CPD8SG	9/5/2017	2/3/2018	"$450,919.00 "	"$2,212,322.27 "	"$2,212,322.27 "	I | TJN | MAR	BUSTLE	Child		PKGB80_TJN_MAR_023_Content_BUSTLE_Custom Content Roadblock Custom Shot Feature 3 - 300x250_Roadblock_Contextual_F25-54_300 x 250_Click and View_NV_NA	PKGB80	10/5/2017	11/12/2017	300 x 250	Free	0.00	"1,114,286"	$0.00 					MSNYID	MBUIMONY	MINH BUI	"2017-11-08 12:04:40, EST"	Prisma Campaign Ad server
TJN_MAR_023_Marshalls 2H Digital_F18	CPD8SG	9/5/2017	2/3/2018	"$450,919.00 "	"$2,212,322.27 "	"$2,212,322.27 "	I | TJN | MAR	BUSTLE	Standalone		PK5G3S_TJN_MAR_023_Social_BUSTLE_Sponsored Custom Content on Instagram via Influencer [For Social Influencer Custom Shot Feature]_Social_Contextual_F25-54_1 x 1_Click and View_NV_NA	PK5G3S	10/16/2017	11/12/2017	1 x 1	Free	0.00	0	$0.00 			0	$0.00 	MSNYID	MBUIMONY	MINH BUI	"2017-11-08 12:04:40, EST"	Prisma Campaign Ad server
TJN_MAR_023_Marshalls 2H Digital_F18	CPD8SG	9/5/2017	2/3/2018	"$450,919.00 "	"$2,212,322.27 "	"$2,212,322.27 "	I | TJN | MAR	BUSTLE	Standalone		PK5G3V_TJN_MAR_023_Content_BUSTLE_Native Content Module - Fall Fashion Finds Topics Page_Run of Site_Contextual_F25-54_1 x 1_Click and View_NV_NA	PK5G3V	9/28/2017	11/12/2017	1 x 1	Free	0.00	"1,000,000"	$0.00 	0	$0.00 	"720,931"	$0.00 	MSNYID	MBUIMONY	MINH BUI	"2017-11-08 12:04:40, EST"	Prisma Campaign Ad server
TJN_MAR_023_Marshalls 2H Digital_F18	CPD8SG	9/5/2017	2/3/2018	"$450,919.00 "	"$2,212,322.27 "	"$2,212,322.27 "	I | TJN | MAR	BUSTLE	Standalone		PK5G43_TJN_MAR_023_Content_BUSTLE_RON - Bustle & Elite Daily - Panoramic Unit_Run of Network_Contextual_F25-54_1 x 1_Click and View_NV_NA	PK5G43	10/5/2017	11/12/2017	1 x 1	Free	0.00	"2,500,000"	$0.00 			"1,730,770"	$0.00 	MSNYID	MBUIMONY	MINH BUI	"2017-11-08 12:04:40, EST"	Prisma Campaign Ad server
TJN_MAR_023_Marshalls 2H Digital_F18	CPD8SG	9/5/2017	2/3/2018	"$450,919.00 "	"$2,212,322.27 "	"$2,212,322.27 "	I | TJN | MAR	BUSTLE	Package		PKM3V5_TJN_MAR_023_Content_BUSTLE_AV HPTO - 10/24_HP Takeover_Contextual_F25-54_Click and View_NV_NA	PKM3V5	10/24/2017	10/24/2017		Free	0.00	"300,000"	$0.00 			"300,000"	$0.00 	MSNYID	MBUIMONY	MINH BUI	"2017-11-08 12:04:40, EST"	Prisma Campaign Ad server
TJN_MAR_023_Marshalls 2H Digital_F18	CPD8SG	9/5/2017	2/3/2018	"$450,919.00 "	"$2,212,322.27 "	"$2,212,322.27 "	I | TJN | MAR	BUSTLE	Child		PKM3V6_TJN_MAR_023_Content_BUSTLE_AV HPTO - Panoramic Unit 10/24_Run of Site_Contextual_F25-54_1 x 1_Click and View_NV_NA	PKM3V6	10/24/2017	10/24/2017	1 x 1	Free	0.00	"300,000"	$0.00 					MSNYID	MBUIMONY	MINH BUI	"2017-11-08 12:04:40, EST"	Prisma Campaign Ad server
TJN_MAR_023_Marshalls 2H Digital_F18	CPD8SG	9/5/2017	2/3/2018	"$450,919.00 "	"$2,212,322.27 "	"$2,212,322.27 "	I | TJN | MAR	BUSTLE	Child		PKM3V7_TJN_MAR_023_Content_BUSTLE_AV HPTO - 300x250 10/24_Run of Site_Contextual_F25-54_300 x 250_Click and View_NV_NA	PKM3V7	10/24/2017	10/24/2017	300 x 250	Free	0.00	"300,000"	$0.00 					MSNYID	MBUIMONY	MINH BUI	"2017-11-08 12:04:40, EST"	Prisma Campaign Ad server
TJN_MAR_023_Marshalls 2H Digital_F18	CPD8SG	9/5/2017	2/3/2018	"$450,919.00 "	"$2,212,322.27 "	"$2,212,322.27 "	I | TJN | MAR	GROUND TRUTH FKA XAD	Package		PJQ0XM_TJN_MAR_023_Mobile_GROUND TRUTH FKA XAD_Proximity Loyalty - Dynamic Distance Package_Run of Network_Geo_F25-54_Click and View_NV_NA	PJQ0XM	9/5/2017	11/12/2017		CPMV	5.94	"10,547,074"	"$62,649.62 "	"3,274,703"	"$19,451.74 "	"5,242,873"	"$31,142.67 "	MSNYID	MBUIMONY	MINH BUI	"2017-11-08 12:04:40, EST"	Prisma Campaign Ad server
TJN_MAR_023_Marshalls 2H Digital_F18	CPD8SG	9/5/2017	2/3/2018	"$450,919.00 "	"$2,212,322.27 "	"$2,212,322.27 "	I | TJN | MAR	GROUND TRUTH FKA XAD	Child		PJQ0Y6_TJN_MAR_023_Mobile_GROUND TRUTH FKA XAD_DST_SV1_MAP_DIR_DSP_TRG_RON_PXT_BTG_DVY_PROXIMITY LOYALTY - DYNAMIC DISTANCE_Run of Network_Geo_F25-54_320 x 50_Click and View_NV_NA	PJQ0Y6	9/5/2017	11/12/2017	320 x 50	CPMV	5.94	"10,547,074"	"$62,649.62 "					MSNYID	MBUIMONY	MINH BUI	"2017-11-08 12:04:40, EST"	Prisma Campaign Ad server
TJN_MAR_023_Marshalls 2H Digital_F18	CPD8SG	9/5/2017	2/3/2018	"$450,919.00 "	"$2,212,322.27 "	"$2,212,322.27 "	I | TJN | MAR	GROUND TRUTH FKA XAD	Child		PJQ0Y7_TJN_MAR_023_Mobile_GROUND TRUTH FKA XAD_DST_SV1_MAP_DIR_DSP_TRG_RON_PXT_BTG_DVY_PROXIMITY LOYALTY - DYNAMIC DISTANCE_Run of Network_Geo_F25-54_300 x 250_Click and View_NV_NA	PJQ0Y7	9/5/2017	11/12/2017	300 x 250	CPMV	5.94	"10,547,074"	"$62,649.62 "					MSNYID	MBUIMONY	MINH BUI	"2017-11-08 12:04:40, EST"	Prisma Campaign Ad server
TJN_MAR_023_Marshalls 2H Digital_F18	CPD8SG	9/5/2017	2/3/2018	"$450,919.00 "	"$2,212,322.27 "	"$2,212,322.27 "	I | TJN | MAR	GROUND TRUTH FKA XAD	Child		PKFRNK_TJN_MAR_023_Mobile_GROUND TRUTH FKA XAD_DST_SV1_MAP_DIR_DSP_TRG_RON_PXT_BTG_DVY_PROXIMITY LOYALTY - DYNAMIC DISTANCE V2_Run of Network_Geo_F25-54_320 x 50_Click and View_NV_NA	PKFRNK	9/5/2017	11/12/2017	320 x 50	CPMV	5.94	"10,547,074"	"$62,649.62 "					MSNYID	MBUIMONY	MINH BUI	"2017-11-08 12:04:40, EST"	Prisma Campaign Ad server
TJN_MAR_023_Marshalls 2H Digital_F18	CPD8SG	9/5/2017	2/3/2018	"$450,919.00 "	"$2,212,322.27 "	"$2,212,322.27 "	I | TJN | MAR	GROUND TRUTH FKA XAD	Package		PJQ0XN_TJN_MAR_023_Mobile_GROUND TRUTH FKA XAD_Proximity Loyalty - Weather RM Package_Run of Network_Weather_F25-54_Click and View_NV_NA	PJQ0XN	9/5/2017	11/12/2017		CPMV	8.10	"19,160,938"	"$155,203.60 "	"808,844"	"$6,551.64 "	"13,230,580"	"$107,167.70 "	MSNYID	MBUIMONY	MINH BUI	"2017-11-08 12:04:40, EST"	Prisma Campaign Ad server
TJN_MAR_023_Marshalls 2H Digital_F18	CPD8SG	9/5/2017	2/3/2018	"$450,919.00 "	"$2,212,322.27 "	"$2,212,322.27 "	I | TJN | MAR	GROUND TRUTH FKA XAD	Child		PJQ0Y8_TJN_MAR_023_Mobile_GROUND TRUTH FKA XAD_DST_SV1_MAP_DIR_RCH_TRG_RON_WEA_PXT_DVY_PROXIMITY LOYALTY - WEATHER LOCATOR UNIT_Run of Network_Weather_F25-54_320 x 50_Click and View_NV_NA	PJQ0Y8	9/5/2017	11/12/2017	320 x 50	CPMV	8.10	"19,160,938"	"$155,203.60 "					MSNYID	MBUIMONY	MINH BUI	"2017-11-08 12:04:40, EST"	Prisma Campaign Ad server
TJN_MAR_023_Marshalls 2H Digital_F18	CPD8SG	9/5/2017	2/3/2018	"$450,919.00 "	"$2,212,322.27 "	"$2,212,322.27 "	I | TJN | MAR	GROUND TRUTH FKA XAD	Child		PJQ0Y9_TJN_MAR_023_Mobile_GROUND TRUTH FKA XAD_DST_SV1_MAP_DIR_RCH_TRG_RON_WEA_PXT_DVY_PROXIMITY LOYALTY - WEATHER LOCATOR UNIT_Run of Network_Weather_F25-54_300 x 250_Click and View_NV_NA	PJQ0Y9	9/5/2017	11/12/2017	300 x 250	CPMV	8.10	"19,160,938"	"$155,203.60 "					MSNYID	MBUIMONY	MINH BUI	"2017-11-08 12:04:40, EST"	Prisma Campaign Ad server
TJN_MAR_023_Marshalls 2H Digital_F18	CPD8SG	9/5/2017	2/3/2018	"$450,919.00 "	"$2,212,322.27 "	"$2,212,322.27 "	I | TJN | MAR	GROUND TRUTH FKA XAD	Child		PJT9FK_TJN_MAR_023_Mobile_GROUND TRUTH FKA XAD_DST_SV1_MAP_DIR_RCH_TRG_RON_WEA_PXT_DVY_PROXIMITY LOYALTY - WEATHER LOCATOR UNIT WARM_Run of Network_Weather_F25-54_320 x 50_Click and View_NV_NA	PJT9FK	9/5/2017	11/12/2017	320 x 50	CPMV	8.10	"19,160,938"	"$155,203.60 "					MSNYID	MBUIMONY	MINH BUI	"2017-11-08 12:04:40, EST"	Prisma Campaign Ad server
TJN_MAR_023_Marshalls 2H Digital_F18	CPD8SG	9/5/2017	2/3/2018	"$450,919.00 "	"$2,212,322.27 "	"$2,212,322.27 "	I | TJN | MAR	GROUND TRUTH FKA XAD	Child		PJT9FR_TJN_MAR_023_Mobile_GROUND TRUTH FKA XAD_DST_SV1_MAP_DIR_RCH_TRG_RON_WEA_PXT_DVY_PROXIMITY LOYALTY - WEATHER LOCATOR UNIT COLD_Run of Network_Weather_F25-54_320 x 50_Click and View_NV_NA	PJT9FR	9/5/2017	11/12/2017	320 x 50	CPMV	8.10	"19,160,938"	"$155,203.60 "					MSNYID	MBUIMONY	MINH BUI	"2017-11-08 12:04:40, EST"	Prisma Campaign Ad server
TJN_MAR_023_Marshalls 2H Digital_F18	CPD8SG	9/5/2017	2/3/2018	"$450,919.00 "	"$2,212,322.27 "	"$2,212,322.27 "	I | TJN | MAR	GROUND TRUTH FKA XAD	Child		PJT9GS_TJN_MAR_023_Mobile_GROUND TRUTH FKA XAD_DST_SV1_MAP_DIR_RCH_TRG_RON_WEA_PXT_DVY_PROXIMITY LOYALTY - WEATHER LOCATOR UNIT WARM_Run of Network_Weather_F25-54_300 x 250_Click and View_NV_NA	PJT9GS	9/5/2017	11/12/2017	300 x 250	CPMV	8.10	"19,160,938"	"$155,203.60 "					MSNYID	MBUIMONY	MINH BUI	"2017-11-08 12:04:40, EST"	Prisma Campaign Ad server
TJN_MAR_023_Marshalls 2H Digital_F18	CPD8SG	9/5/2017	2/3/2018	"$450,919.00 "	"$2,212,322.27 "	"$2,212,322.27 "	I | TJN | MAR	GROUND TRUTH FKA XAD	Child		PJT9HJ_TJN_MAR_023_Mobile_GROUND TRUTH FKA XAD_DST_SV1_MAP_DIR_RCH_TRG_RON_WEA_PXT_DVY_PROXIMITY LOYALTY - WEATHER LOCATOR UNIT COLD_Run of Network_Weather_F25-54_300 x 250_Click and View_NV_NA	PJT9HJ	9/5/2017	11/12/2017	300 x 250	CPMV	8.10	"19,160,938"	"$155,203.60 "					MSNYID	MBUIMONY	MINH BUI	"2017-11-08 12:04:40, EST"	Prisma Campaign Ad server
TJN_MAR_023_Marshalls 2H Digital_F18	CPD8SG	9/5/2017	2/3/2018	"$450,919.00 "	"$2,212,322.27 "	"$2,212,322.27 "	I | TJN | MAR	GROUND TRUTH FKA XAD	Child		PK2T04_TJN_MAR_023_Mobile_GROUND TRUTH FKA XAD_DST_SV1_MAP_DIR_RCH_TRG_RON_WEA_PXT_DVY_PROXIMITY LOYALTY - WEATHER LOCATOR UNIT RAINY_Run of Network_Weather_F25-54_320 x 50_Click and View_NV_NA	PK2T04	9/5/2017	11/12/2017	320 x 50	CPMV	8.10	"19,160,938"	"$155,203.60 "					MSNYID	MBUIMONY	MINH BUI	"2017-11-08 12:04:40, EST"	Prisma Campaign Ad server
TJN_MAR_023_Marshalls 2H Digital_F18	CPD8SG	9/5/2017	2/3/2018	"$450,919.00 "	"$2,212,322.27 "	"$2,212,322.27 "	I | TJN | MAR	GROUND TRUTH FKA XAD	Child		PK2T06_TJN_MAR_023_Mobile_GROUND TRUTH FKA XAD_DST_SV1_MAP_DIR_RCH_TRG_RON_WEA_PXT_DVY_PROXIMITY LOYALTY - WEATHER LOCATOR UNIT RAINY_Run of Network_Weather_F25-54_300 x 250_Click and View_NV_NA	PK2T06	9/5/2017	11/12/2017	300 x 250	CPMV	8.10	"19,160,938"	"$155,203.60 "					MSNYID	MBUIMONY	MINH BUI	"2017-11-08 12:04:40, EST"	Prisma Campaign Ad server
TJN_MAR_023_Marshalls 2H Digital_F18	CPD8SG	9/5/2017	2/3/2018	"$450,919.00 "	"$2,212,322.27 "	"$2,212,322.27 "	I | TJN | MAR	GROUND TRUTH FKA XAD	Package		PJQ0XP_TJN_MAR_023_Mobile_GROUND TRUTH FKA XAD_Proximity Conquesting - Dynamic Distance Package_Run of Network_Geo_F25-54_Click and View_NV_NA	PJQ0XP	9/5/2017	11/12/2017		CPMV	5.94	"3,736,069"	"$22,192.25 "	"694,712"	"$4,126.59 "	"2,192,607"	"$13,024.09 "	MSNYID	MBUIMONY	MINH BUI	"2017-11-08 12:04:40, EST"	Prisma Campaign Ad server
TJN_MAR_023_Marshalls 2H Digital_F18	CPD8SG	9/5/2017	2/3/2018	"$450,919.00 "	"$2,212,322.27 "	"$2,212,322.27 "	I | TJN | MAR	GROUND TRUTH FKA XAD	Child		PJQ0YB_TJN_MAR_023_Mobile_GROUND TRUTH FKA XAD_DST_SV1_MAP_DIR_DSP_TRG_RON_PXT_BTG_DVY_PROXIMITY CONQUESTING - DYNAMIC DISTANCE_Run of Network_Geo_F25-54_320 x 50_Click and View_NV_NA	PJQ0YB	9/5/2017	11/12/2017	320 x 50	CPMV	5.94	"3,736,069"	"$22,192.25 "					MSNYID	MBUIMONY	MINH BUI	"2017-11-08 12:04:40, EST"	Prisma Campaign Ad server
TJN_MAR_023_Marshalls 2H Digital_F18	CPD8SG	9/5/2017	2/3/2018	"$450,919.00 "	"$2,212,322.27 "	"$2,212,322.27 "	I | TJN | MAR	GROUND TRUTH FKA XAD	Child		PJQ0YC_TJN_MAR_023_Mobile_GROUND TRUTH FKA XAD_DST_SV1_MAP_DIR_DSP_TRG_RON_PXT_BTG_DVY_PROXIMITY CONQUESTING - DYNAMIC DISTANCE_Run of Network_Geo_F25-54_300 x 250_Click and View_NV_NA	PJQ0YC	9/5/2017	11/12/2017	300 x 250	CPMV	5.94	"3,736,069"	"$22,192.25 "					MSNYID	MBUIMONY	MINH BUI	"2017-11-08 12:04:40, EST"	Prisma Campaign Ad server
TJN_MAR_023_Marshalls 2H Digital_F18	CPD8SG	9/5/2017	2/3/2018	"$450,919.00 "	"$2,212,322.27 "	"$2,212,322.27 "	I | TJN | MAR	GROUND TRUTH FKA XAD	Child		PKFRQ1_TJN_MAR_023_Mobile_GROUND TRUTH FKA XAD_DST_SV1_MAP_DIR_DSP_TRG_RON_PXT_BTG_DVY_PROXIMITY CONQUESTING - DYNAMIC DISTANCE V2_Run of Network_Geo_F25-54_320 x 50_Click and View_NV_NA	PKFRQ1	9/5/2017	11/12/2017	320 x 50	CPMV	5.94	"3,736,069"	"$22,192.25 "					MSNYID	MBUIMONY	MINH BUI	"2017-11-08 12:04:40, EST"	Prisma Campaign Ad server
TJN_MAR_023_Marshalls 2H Digital_F18	CPD8SG	9/5/2017	2/3/2018	"$450,919.00 "	"$2,212,322.27 "	"$2,212,322.27 "	I | TJN | MAR	GROUND TRUTH FKA XAD	Package		PJQ0XQ_TJN_MAR_023_Mobile_GROUND TRUTH FKA XAD_Proximity Conquesting - Weather RM Package_Run of Network_Weather_F25-54_Click and View_NV_NA	PJQ0XQ	9/5/2017	11/12/2017		CPMV	8.10	"2,528,775"	"$20,483.08 "	"429,526"	"$3,479.16 "	"1,513,413"	"$12,258.65 "	MSNYID	MBUIMONY	MINH BUI	"2017-11-08 12:04:40, EST"	Prisma Campaign Ad server
TJN_MAR_023_Marshalls 2H Digital_F18	CPD8SG	9/5/2017	2/3/2018	"$450,919.00 "	"$2,212,322.27 "	"$2,212,322.27 "	I | TJN | MAR	GROUND TRUTH FKA XAD	Child		PJQ0YD_TJN_MAR_023_Mobile_GROUND TRUTH FKA XAD_DST_SV1_MAP_DIR_RCH_TRG_RON_WEA_PXT_DVY_PROXIMITY CONQUESTING - WEATHER LOCATOR UNIT_Run of Network_Weather_F25-54_320 x 50_Click and View_NV_NA	PJQ0YD	9/5/2017	11/12/2017	320 x 50	CPMV	8.10	"2,528,775"	"$20,483.08 "					MSNYID	MBUIMONY	MINH BUI	"2017-11-08 12:04:40, EST"	Prisma Campaign Ad server
TJN_MAR_023_Marshalls 2H Digital_F18	CPD8SG	9/5/2017	2/3/2018	"$450,919.00 "	"$2,212,322.27 "	"$2,212,322.27 "	I | TJN | MAR	GROUND TRUTH FKA XAD	Child		PJQ0YF_TJN_MAR_023_Mobile_GROUND TRUTH FKA XAD_DST_SV1_MAP_DIR_RCH_TRG_RON_WEA_PXT_DVY_PROXIMITY CONQUESTING - WEATHER LOCATOR UNIT_Run of Network_Weather_F25-54_300 x 250_Click and View_NV_NA	PJQ0YF	9/5/2017	11/12/2017	300 x 250	CPMV	8.10	"2,528,775"	"$20,483.08 "					MSNYID	MBUIMONY	MINH BUI	"2017-11-08 12:04:40, EST"	Prisma Campaign Ad server
TJN_MAR_023_Marshalls 2H Digital_F18	CPD8SG	9/5/2017	2/3/2018	"$450,919.00 "	"$2,212,322.27 "	"$2,212,322.27 "	I | TJN | MAR	GROUND TRUTH FKA XAD	Child		PJT9CL_TJN_MAR_023_Mobile_GROUND TRUTH FKA XAD_DST_SV1_MAP_DIR_RCH_TRG_RON_WEA_PXT_DVY_PROXIMITY CONQUESTING - WEATHER LOCATOR UNIT WARM_Run of Network_Weather_F25-54_320 x 50_Click and View_NV_NA	PJT9CL	9/5/2017	11/12/2017	320 x 50	CPMV	8.10	"2,528,775"	"$20,483.08 "					MSNYID	MBUIMONY	MINH BUI	"2017-11-08 12:04:40, EST"	Prisma Campaign Ad server
TJN_MAR_023_Marshalls 2H Digital_F18	CPD8SG	9/5/2017	2/3/2018	"$450,919.00 "	"$2,212,322.27 "	"$2,212,322.27 "	I | TJN | MAR	GROUND TRUTH FKA XAD	Child		PJT9D6_TJN_MAR_023_Mobile_GROUND TRUTH FKA XAD_DST_SV1_MAP_DIR_RCH_TRG_RON_WEA_PXT_DVY_PROXIMITY CONQUESTING - WEATHER LOCATOR UNIT COLD_Run of Network_Weather_F25-54_320 x 50_Click and View_NV_NA	PJT9D6	9/5/2017	11/12/2017	320 x 50	CPMV	8.10	"2,528,775"	"$20,483.08 "					MSNYID	MBUIMONY	MINH BUI	"2017-11-08 12:04:40, EST"	Prisma Campaign Ad server
TJN_MAR_023_Marshalls 2H Digital_F18	CPD8SG	9/5/2017	2/3/2018	"$450,919.00 "	"$2,212,322.27 "	"$2,212,322.27 "	I | TJN | MAR	GROUND TRUTH FKA XAD	Child		PJT9D9_TJN_MAR_023_Mobile_GROUND TRUTH FKA XAD_DST_SV1_MAP_DIR_RCH_TRG_RON_WEA_PXT_DVY_PROXIMITY CONQUESTING - WEATHER LOCATOR UNIT WARM_Run of Network_Weather_F25-54_300 x 250_Click and View_NV_NA	PJT9D9	9/5/2017	11/12/2017	300 x 250	CPMV	8.10	"2,528,775"	"$20,483.08 "					MSNYID	MBUIMONY	MINH BUI	"2017-11-08 12:04:40, EST"	Prisma Campaign Ad server
TJN_MAR_023_Marshalls 2H Digital_F18	CPD8SG	9/5/2017	2/3/2018	"$450,919.00 "	"$2,212,322.27 "	"$2,212,322.27 "	I | TJN | MAR	GROUND TRUTH FKA XAD	Child		PJT9DY_TJN_MAR_023_Mobile_GROUND TRUTH FKA XAD_DST_SV1_MAP_DIR_RCH_TRG_RON_WEA_PXT_DVY_PROXIMITY CONQUESTING - WEATHER LOCATOR UNIT COLD_Run of Network_Weather_F25-54_300 x 250_Click and View_NV_NA	PJT9DY	9/5/2017	11/12/2017	300 x 250	CPMV	8.10	"2,528,775"	"$20,483.08 "					MSNYID	MBUIMONY	MINH BUI	"2017-11-08 12:04:40, EST"	Prisma Campaign Ad server
TJN_MAR_023_Marshalls 2H Digital_F18	CPD8SG	9/5/2017	2/3/2018	"$450,919.00 "	"$2,212,322.27 "	"$2,212,322.27 "	I | TJN | MAR	GROUND TRUTH FKA XAD	Child		PK2T0K_TJN_MAR_023_Mobile_GROUND TRUTH FKA XAD_DST_SV1_MAP_DIR_RCH_TRG_RON_WEA_PXT_DVY_PROXIMITY CONQUESTING - WEATHER LOCATOR UNIT RAINY_Run of Network_Weather_F25-54_320 x 50_Click and View_NV_NA	PK2T0K	9/5/2017	11/12/2017	320 x 50	CPMV	8.10	"2,528,775"	"$20,483.08 "					MSNYID	MBUIMONY	MINH BUI	"2017-11-08 12:04:40, EST"	Prisma Campaign Ad server
TJN_MAR_023_Marshalls 2H Digital_F18	CPD8SG	9/5/2017	2/3/2018	"$450,919.00 "	"$2,212,322.27 "	"$2,212,322.27 "	I | TJN | MAR	GROUND TRUTH FKA XAD	Child		PK2T18_TJN_MAR_023_Mobile_GROUND TRUTH FKA XAD_DST_SV1_MAP_DIR_RCH_TRG_RON_WEA_PXT_DVY_PROXIMITY CONQUESTING - WEATHER LOCATOR UNIT RAINY_Run of Network_Weather_F25-54_300 x 250_Click and View_NV_NA	PK2T18	9/5/2017	11/12/2017	300 x 250	CPMV	8.10	"2,528,775"	"$20,483.08 "					MSNYID	MBUIMONY	MINH BUI	"2017-11-08 12:04:40, EST"	Prisma Campaign Ad server
TJN_MAR_023_Marshalls 2H Digital_F18	CPD8SG	9/5/2017	2/3/2018	"$450,919.00 "	"$2,212,322.27 "	"$2,212,322.27 "	I | TJN | MAR	GROUND TRUTH FKA XAD	Package		PJQ0XR_TJN_MAR_023_Mobile_GROUND TRUTH FKA XAD_Behavioral - Fashion Shopper - Dynamic Distance Package_Run of Network_Behavioral_F25-54_Click and View_NV_NA	PJQ0XR	9/5/2017	11/12/2017		CPMV	11.00	"6,963,303"	"$76,596.33 "	"1,089,666"	"$11,986.33 "	"4,234,483"	"$46,579.31 "	MSNYID	MBUIMONY	MINH BUI	"2017-11-08 12:04:40, EST"	Prisma Campaign Ad server
TJN_MAR_023_Marshalls 2H Digital_F18	CPD8SG	9/5/2017	2/3/2018	"$450,919.00 "	"$2,212,322.27 "	"$2,212,322.27 "	I | TJN | MAR	GROUND TRUTH FKA XAD	Child		PJQ0YG_TJN_MAR_023_Mobile_GROUND TRUTH FKA XAD_DST_SV1_MAP_DIR_DSP_TRG_RON_BTG_DMA_DVY_BEHAVIORAL - FASHION SHOPPER - DYNAMIC DISTANCE_Run of Network_Behavioral_F25-54_320 x 50_Click and View_NV_NA	PJQ0YG	9/5/2017	11/12/2017	320 x 50	CPMV	11.00	"6,963,303"	"$76,596.33 "					MSNYID	MBUIMONY	MINH BUI	"2017-11-08 12:04:40, EST"	Prisma Campaign Ad server
TJN_MAR_023_Marshalls 2H Digital_F18	CPD8SG	9/5/2017	2/3/2018	"$450,919.00 "	"$2,212,322.27 "	"$2,212,322.27 "	I | TJN | MAR	GROUND TRUTH FKA XAD	Child		PJQ0YH_TJN_MAR_023_Mobile_GROUND TRUTH FKA XAD_DST_SV1_MAP_DIR_DSP_TRG_RON_BTG_DMA_DVY_BEHAVIORAL - FASHION SHOPPER - DYNAMIC DISTANCE_Run of Network_Behavioral_F25-54_300 x 250_Click and View_NV_NA	PJQ0YH	9/5/2017	11/12/2017	300 x 250	CPMV	11.00	"6,963,303"	"$76,596.33 "					MSNYID	MBUIMONY	MINH BUI	"2017-11-08 12:04:40, EST"	Prisma Campaign Ad server
TJN_MAR_023_Marshalls 2H Digital_F18	CPD8SG	9/5/2017	2/3/2018	"$450,919.00 "	"$2,212,322.27 "	"$2,212,322.27 "	I | TJN | MAR	GROUND TRUTH FKA XAD	Child		PKFRWH_TJN_MAR_023_Mobile_GROUND TRUTH FKA XAD_DST_SV1_MAP_DIR_DSP_TRG_RON_BTG_DMA_DVY_BEHAVIORAL - FASHION SHOPPER - DYNAMIC DISTANCE V2_Run of Network_Behavioral_F25-54_320 x 50_Click and View_NV_NA	PKFRWH	9/5/2017	11/12/2017	320 x 50	CPMV	11.00	"6,963,303"	"$76,596.33 "					MSNYID	MBUIMONY	MINH BUI	"2017-11-08 12:04:40, EST"	Prisma Campaign Ad server
TJN_MAR_023_Marshalls 2H Digital_F18	CPD8SG	9/5/2017	2/3/2018	"$450,919.00 "	"$2,212,322.27 "	"$2,212,322.27 "	I | TJN | MAR	GROUND TRUTH FKA XAD	Package		PJQ0XS_TJN_MAR_023_Mobile_GROUND TRUTH FKA XAD_Location - Marshalls Shopper - Dynamic Distance Package_Run of Network_Geo_F25-54_Click and View_NV_NA	PJQ0XS	9/5/2017	11/12/2017		CPMV	9.90	"2,018,020"	"$19,978.40 "	"296,933"	"$2,939.64 "	"1,240,784"	"$12,283.76 "	MSNYID	MBUIMONY	MINH BUI	"2017-11-08 12:04:40, EST"	Prisma Campaign Ad server
TJN_MAR_023_Marshalls 2H Digital_F18	CPD8SG	9/5/2017	2/3/2018	"$450,919.00 "	"$2,212,322.27 "	"$2,212,322.27 "	I | TJN | MAR	GROUND TRUTH FKA XAD	Child		PJQ0YJ_TJN_MAR_023_Mobile_GROUND TRUTH FKA XAD_DST_SV1_MAP_DIR_DSP_TRG_RON_BTG_PXT_DVY_MARSHALLS SHOPPERS - DYNAMIC DISTANCE_Run of Network_Geo_F25-54_320 x 50_Click and View_NV_NA	PJQ0YJ	9/5/2017	11/12/2017	320 x 50	CPMV	9.90	"2,018,020"	"$19,978.40 "					MSNYID	MBUIMONY	MINH BUI	"2017-11-08 12:04:40, EST"	Prisma Campaign Ad server
TJN_MAR_023_Marshalls 2H Digital_F18	CPD8SG	9/5/2017	2/3/2018	"$450,919.00 "	"$2,212,322.27 "	"$2,212,322.27 "	I | TJN | MAR	GROUND TRUTH FKA XAD	Child		PJQ0YK_TJN_MAR_023_Mobile_GROUND TRUTH FKA XAD_DST_SV1_MAP_DIR_DSP_TRG_RON_BTG_PXT_DVY_MARSHALLS SHOPPERS - DYNAMIC DISTANCE_Run of Network_Geo_F25-54_300 x 250_Click and View_NV_NA	PJQ0YK	9/5/2017	11/12/2017	300 x 250	CPMV	9.90	"2,018,020"	"$19,978.40 "					MSNYID	MBUIMONY	MINH BUI	"2017-11-08 12:04:40, EST"	Prisma Campaign Ad server
TJN_MAR_023_Marshalls 2H Digital_F18	CPD8SG	9/5/2017	2/3/2018	"$450,919.00 "	"$2,212,322.27 "	"$2,212,322.27 "	I | TJN | MAR	GROUND TRUTH FKA XAD	Child		PKFRWZ_TJN_MAR_023_Mobile_GROUND TRUTH FKA XAD_DST_SV1_MAP_DIR_DSP_TRG_RON_BTG_PXT_DVY_MARSHALLS SHOPPERS - DYNAMIC DISTANCE V2_Run of Network_Geo_F25-54_320 x 50_Click and View_NV_NA	PKFRWZ	9/5/2017	11/12/2017	320 x 50	CPMV	9.90	"2,018,020"	"$19,978.40 "					MSNYID	MBUIMONY	MINH BUI	"2017-11-08 12:04:40, EST"	Prisma Campaign Ad server
TJN_MAR_023_Marshalls 2H Digital_F18	CPD8SG	9/5/2017	2/3/2018	"$450,919.00 "	"$2,212,322.27 "	"$2,212,322.27 "	I | TJN | MAR	GROUND TRUTH FKA XAD	Package		PJQ0XT_TJN_MAR_023_Mobile_GROUND TRUTH FKA XAD_Location - Competitor Shopper - Dynamic Distance Package_Run of Network_Geo_F25-54_Click and View_NV_NA	PJQ0XT	9/5/2017	11/12/2017		CPMV	9.90	"2,018,020"	"$19,978.40 "	"296,933"	"$2,939.64 "	"1,240,784"	"$12,283.76 "	MSNYID	MBUIMONY	MINH BUI	"2017-11-08 12:04:40, EST"	Prisma Campaign Ad server
TJN_MAR_023_Marshalls 2H Digital_F18	CPD8SG	9/5/2017	2/3/2018	"$450,919.00 "	"$2,212,322.27 "	"$2,212,322.27 "	I | TJN | MAR	GROUND TRUTH FKA XAD	Child		PJQ0YL_TJN_MAR_023_Mobile_GROUND TRUTH FKA XAD_DST_SV1_MAP_DIR_DSP_TRG_RON_BTG_PXT_DVY_COMPETITOR SHOPPERS - DYNAMIC DISTANCE_Run of Network_Geo_F25-54_320 x 50_Click and View_NV_NA	PJQ0YL	9/5/2017	11/12/2017	320 x 50	CPMV	9.90	"2,018,020"	"$19,978.40 "					MSNYID	MBUIMONY	MINH BUI	"2017-11-08 12:04:40, EST"	Prisma Campaign Ad server
TJN_MAR_023_Marshalls 2H Digital_F18	CPD8SG	9/5/2017	2/3/2018	"$450,919.00 "	"$2,212,322.27 "	"$2,212,322.27 "	I | TJN | MAR	GROUND TRUTH FKA XAD	Child		PJQ0YM_TJN_MAR_023_Mobile_GROUND TRUTH FKA XAD_DST_SV1_MAP_DIR_DSP_TRG_RON_BTG_PXT_DVY_COMPETITOR SHOPPERS - DYNAMIC DISTANCE_Run of Network_Geo_F25-54_300 x 250_Click and View_NV_NA	PJQ0YM	9/5/2017	11/12/2017	300 x 250	CPMV	9.90	"2,018,020"	"$19,978.40 "					MSNYID	MBUIMONY	MINH BUI	"2017-11-08 12:04:40, EST"	Prisma Campaign Ad server
TJN_MAR_023_Marshalls 2H Digital_F18	CPD8SG	9/5/2017	2/3/2018	"$450,919.00 "	"$2,212,322.27 "	"$2,212,322.27 "	I | TJN | MAR	GROUND TRUTH FKA XAD	Child		PKFRX7_TJN_MAR_023_Mobile_GROUND TRUTH FKA XAD_DST_SV1_MAP_DIR_DSP_TRG_RON_BTG_PXT_DVY_COMPETITOR SHOPPERS - DYNAMIC DISTANCE V2_Run of Network_Geo_F25-54_320 x 50_Click and View_NV_NA	PKFRX7	9/5/2017	11/12/2017	320 x 50	CPMV	9.90	"2,018,020"	"$19,978.40 "					MSNYID	MBUIMONY	MINH BUI	"2017-11-08 12:04:40, EST"	Prisma Campaign Ad server
TJN_MAR_023_Marshalls 2H Digital_F18	CPD8SG	9/5/2017	2/3/2018	"$450,919.00 "	"$2,212,322.27 "	"$2,212,322.27 "	I | TJN | MAR	GROUND TRUTH FKA XAD	Package		PJQ0XV_TJN_MAR_023_Mobile_GROUND TRUTH FKA XAD_Geoblocks Loyalty - Dynamic Distance Pacakge_Run of Network_Geo_F25-54_Click and View_NV_NA	PJQ0XV	9/5/2017	11/12/2017		CPMV	7.20	"2,943,782"	"$21,195.23 "	"520,683"	"$3,748.92 "	"1,746,886"	"$12,577.58 "	MSNYID	MBUIMONY	MINH BUI	"2017-11-08 12:04:40, EST"	Prisma Campaign Ad server
TJN_MAR_023_Marshalls 2H Digital_F18	CPD8SG	9/5/2017	2/3/2018	"$450,919.00 "	"$2,212,322.27 "	"$2,212,322.27 "	I | TJN | MAR	GROUND TRUTH FKA XAD	Child		PJQ0YN_TJN_MAR_023_Mobile_GROUND TRUTH FKA XAD_DST_SV1_MAP_DIR_DSP_TRG_RON_PXT_BTG_DVY_GEOBLOCKS LOYALTY - DYNAMIC DISTANCE_Run of Network_Geo_F25-54_320 x 50_Click and View_NV_NA	PJQ0YN	9/5/2017	11/12/2017	320 x 50	CPMV	7.20	"2,943,782"	"$21,195.23 "					MSNYID	MBUIMONY	MINH BUI	"2017-11-08 12:04:40, EST"	Prisma Campaign Ad server
TJN_MAR_023_Marshalls 2H Digital_F18	CPD8SG	9/5/2017	2/3/2018	"$450,919.00 "	"$2,212,322.27 "	"$2,212,322.27 "	I | TJN | MAR	GROUND TRUTH FKA XAD	Child		PJQ0YP_TJN_MAR_023_Mobile_GROUND TRUTH FKA XAD_DST_SV1_MAP_DIR_DSP_TRG_RON_PXT_BTG_DVY_GEOBLOCKS LOYALTY - DYNAMIC DISTANCE_Run of Network_Geo_F25-54_300 x 250_Click and View_NV_NA	PJQ0YP	9/5/2017	11/12/2017	300 x 250	CPMV	7.20	"2,943,782"	"$21,195.23 "					MSNYID	MBUIMONY	MINH BUI	"2017-11-08 12:04:40, EST"	Prisma Campaign Ad server
TJN_MAR_023_Marshalls 2H Digital_F18	CPD8SG	9/5/2017	2/3/2018	"$450,919.00 "	"$2,212,322.27 "	"$2,212,322.27 "	I | TJN | MAR	GROUND TRUTH FKA XAD	Child		PKFRXJ_TJN_MAR_023_Mobile_GROUND TRUTH FKA XAD_DST_SV1_MAP_DIR_DSP_TRG_RON_PXT_BTG_DVY_GEOBLOCKS LOYALTY - DYNAMIC DISTANCE V2_Run of Network_Geo_F25-54_320 x 50_Click and View_NV_NA	PKFRXJ	9/5/2017	11/12/2017	320 x 50	CPMV	7.20	"2,943,782"	"$21,195.23 "					MSNYID	MBUIMONY	MINH BUI	"2017-11-08 12:04:40, EST"	Prisma Campaign Ad server
TJN_MAR_023_Marshalls 2H Digital_F18	CPD8SG	9/5/2017	2/3/2018	"$450,919.00 "	"$2,212,322.27 "	"$2,212,322.27 "	I | TJN | MAR	GROUND TRUTH FKA XAD	Package		PJQ0XW_TJN_MAR_023_Mobile_GROUND TRUTH FKA XAD_Geoblocks Conquesting - Dynamic Distance Package_Run of Network_Geo_F25-54_Click and View_NV_NA	PJQ0XW	9/5/2017	11/12/2017		CPMV	7.20	"2,943,782"	"$21,195.23 "	"520,683"	"$3,748.92 "	"1,746,886"	"$12,577.58 "	MSNYID	MBUIMONY	MINH BUI	"2017-11-08 12:04:40, EST"	Prisma Campaign Ad server
TJN_MAR_023_Marshalls 2H Digital_F18	CPD8SG	9/5/2017	2/3/2018	"$450,919.00 "	"$2,212,322.27 "	"$2,212,322.27 "	I | TJN | MAR	GROUND TRUTH FKA XAD	Child		PJQ0YQ_TJN_MAR_023_Mobile_GROUND TRUTH FKA XAD_DST_SV1_MAP_DIR_DSP_TRG_RON_PXT_BTG_DVY_GEOBLOCKS CONQUESTING - DYNAMIC DISTANCE_Run of Network_Geo_F25-54_320 x 50_Click and View_NV_NA	PJQ0YQ	9/5/2017	11/12/2017	320 x 50	CPMV	7.20	"2,943,782"	"$21,195.23 "					MSNYID	MBUIMONY	MINH BUI	"2017-11-08 12:04:40, EST"	Prisma Campaign Ad server
TJN_MAR_023_Marshalls 2H Digital_F18	CPD8SG	9/5/2017	2/3/2018	"$450,919.00 "	"$2,212,322.27 "	"$2,212,322.27 "	I | TJN | MAR	GROUND TRUTH FKA XAD	Child		PJQ0YR_TJN_MAR_023_Mobile_GROUND TRUTH FKA XAD_DST_SV1_MAP_DIR_DSP_TRG_RON_PXT_BTG_DVY_GEOBLOCKS CONQUESTING - DYNAMIC DISTANCE_Run of Network_Geo_F25-54_300 x 250_Click and View_NV_NA	PJQ0YR	9/5/2017	11/12/2017	300 x 250	CPMV	7.20	"2,943,782"	"$21,195.23 "					MSNYID	MBUIMONY	MINH BUI	"2017-11-08 12:04:40, EST"	Prisma Campaign Ad server
TJN_MAR_023_Marshalls 2H Digital_F18	CPD8SG	9/5/2017	2/3/2018	"$450,919.00 "	"$2,212,322.27 "	"$2,212,322.27 "	I | TJN | MAR	GROUND TRUTH FKA XAD	Child		PKFRXV_TJN_MAR_023_Mobile_GROUND TRUTH FKA XAD_DST_SV1_MAP_DIR_DSP_TRG_RON_PXT_BTG_DVY_GEOBLOCKS CONQUESTING - DYNAMIC DISTANCE V2_Run of Network_Geo_F25-54_320 x 50_Click and View_NV_NA	PKFRXV	9/5/2017	11/12/2017	320 x 50	CPMV	7.20	"2,943,782"	"$21,195.23 "					MSNYID	MBUIMONY	MINH BUI	"2017-11-08 12:04:40, EST"	Prisma Campaign Ad server
TJN_MAR_023_Marshalls 2H Digital_F18	CPD8SG	9/5/2017	2/3/2018	"$450,919.00 "	"$2,212,322.27 "	"$2,212,322.27 "	I | TJN | MAR	GROUND TRUTH FKA XAD	Package		PJQ0XX_TJN_MAR_023_Mobile_GROUND TRUTH FKA XAD_Proximity Loyalty - Dynamic Distance Package_Run of Network_Geo_F25-54_Click and View_NV_NA	PJQ0XX	12/26/2017	2/3/2018		CPMV	5.94	"6,913,670"	"$41,067.20 "					MSNYID	MBUIMONY	MINH BUI	"2017-11-08 12:04:40, EST"	Prisma Campaign Ad server
TJN_MAR_023_Marshalls 2H Digital_F18	CPD8SG	9/5/2017	2/3/2018	"$450,919.00 "	"$2,212,322.27 "	"$2,212,322.27 "	I | TJN | MAR	GROUND TRUTH FKA XAD	Child		PJQ0YT_TJN_MAR_023_Mobile_GROUND TRUTH FKA XAD_DST_SV1_MAP_DIR_DSP_TRG_RON_PXT_BTG_DVY_PROXIMITY LOYALTY - DYNAMIC DISTANCE_Run of Network_Geo_F25-54_320 x 50_Click and View_NV_NA	PJQ0YT	12/26/2017	2/3/2018	320 x 50	CPMV	5.94	"6,913,670"	"$41,067.20 "					MSNYID	MBUIMONY	MINH BUI	"2017-11-08 12:04:40, EST"	Prisma Campaign Ad server
TJN_MAR_023_Marshalls 2H Digital_F18	CPD8SG	9/5/2017	2/3/2018	"$450,919.00 "	"$2,212,322.27 "	"$2,212,322.27 "	I | TJN | MAR	GROUND TRUTH FKA XAD	Child		PJQ0YV_TJN_MAR_023_Mobile_GROUND TRUTH FKA XAD_DST_SV1_MAP_DIR_DSP_TRG_RON_PXT_BTG_DVY_PROXIMITY LOYALTY - DYNAMIC DISTANCE_Run of Network_Geo_F25-54_300 x 250_Click and View_NV_NA	PJQ0YV	12/26/2017	2/3/2018	300 x 250	CPMV	5.94	"6,913,670"	"$41,067.20 "					MSNYID	MBUIMONY	MINH BUI	"2017-11-08 12:04:40, EST"	Prisma Campaign Ad server
TJN_MAR_023_Marshalls 2H Digital_F18	CPD8SG	9/5/2017	2/3/2018	"$450,919.00 "	"$2,212,322.27 "	"$2,212,322.27 "	I | TJN | MAR	GROUND TRUTH FKA XAD	Child		PKFRYM_TJN_MAR_023_Mobile_GROUND TRUTH FKA XAD_DST_SV1_MAP_DIR_DSP_TRG_RON_PXT_BTG_DVY_PROXIMITY LOYALTY - DYNAMIC DISTANCE V2_Run of Network_Geo_F25-54_320 x 50_Click and View_NV_NA	PKFRYM	12/26/2017	2/3/2018	320 x 50	CPMV	5.94	"6,913,670"	"$41,067.20 "					MSNYID	MBUIMONY	MINH BUI	"2017-11-08 12:04:40, EST"	Prisma Campaign Ad server
TJN_MAR_023_Marshalls 2H Digital_F18	CPD8SG	9/5/2017	2/3/2018	"$450,919.00 "	"$2,212,322.27 "	"$2,212,322.27 "	I | TJN | MAR	GROUND TRUTH FKA XAD	Package		PJQ0XY_TJN_MAR_023_Mobile_GROUND TRUTH FKA XAD_Proximity Loyalty - Weather RM Package_Run of Network_Weather_F25-54_Click and View_NV_NA	PJQ0XY	12/26/2017	2/3/2018		CPMV	8.10	"11,837,514"	"$95,883.86 "					MSNYID	MBUIMONY	MINH BUI	"2017-11-08 12:04:40, EST"	Prisma Campaign Ad server
TJN_MAR_023_Marshalls 2H Digital_F18	CPD8SG	9/5/2017	2/3/2018	"$450,919.00 "	"$2,212,322.27 "	"$2,212,322.27 "	I | TJN | MAR	GROUND TRUTH FKA XAD	Child		PJQ0YW_TJN_MAR_023_Mobile_GROUND TRUTH FKA XAD_DST_SV1_MAP_DIR_RCH_TRG_RON_WEA_PXT_DVY_PROXIMITY LOYALTY - WEATHER LOCATOR UNIT RAINY_Run of Network_Weather_F25-54_320 x 50_Click and View_NV_NA	PJQ0YW	12/26/2017	2/3/2018	320 x 50	CPMV	8.10	"11,837,514"	"$95,883.86 "					MSNYID	MBUIMONY	MINH BUI	"2017-11-08 12:04:40, EST"	Prisma Campaign Ad server
TJN_MAR_023_Marshalls 2H Digital_F18	CPD8SG	9/5/2017	2/3/2018	"$450,919.00 "	"$2,212,322.27 "	"$2,212,322.27 "	I | TJN | MAR	GROUND TRUTH FKA XAD	Child		PJQ0YX_TJN_MAR_023_Mobile_GROUND TRUTH FKA XAD_DST_SV1_MAP_DIR_RCH_TRG_RON_WEA_PXT_DVY_PROXIMITY LOYALTY - WEATHER LOCATOR UNIT RAINY_Run of Network_Weather_F25-54_300 x 250_Click and View_NV_NA	PJQ0YX	12/26/2017	2/3/2018	300 x 250	CPMV	8.10	"11,837,514"	"$95,883.86 "					MSNYID	MBUIMONY	MINH BUI	"2017-11-08 12:04:40, EST"	Prisma Campaign Ad server
TJN_MAR_023_Marshalls 2H Digital_F18	CPD8SG	9/5/2017	2/3/2018	"$450,919.00 "	"$2,212,322.27 "	"$2,212,322.27 "	I | TJN | MAR	GROUND TRUTH FKA XAD	Child		PJT9HP_TJN_MAR_023_Mobile_GROUND TRUTH FKA XAD_DST_SV1_MAP_DIR_RCH_TRG_RON_WEA_PXT_DVY_PROXIMITY LOYALTY - WEATHER LOCATOR UNIT WARM_Run of Network_Weather_F25-54_320 x 50_Click and View_NV_NA	PJT9HP	12/26/2017	2/3/2018	320 x 50	CPMV	8.10	"11,837,514"	"$95,883.86 "					MSNYID	MBUIMONY	MINH BUI	"2017-11-08 12:04:40, EST"	Prisma Campaign Ad server
TJN_MAR_023_Marshalls 2H Digital_F18	CPD8SG	9/5/2017	2/3/2018	"$450,919.00 "	"$2,212,322.27 "	"$2,212,322.27 "	I | TJN | MAR	GROUND TRUTH FKA XAD	Child		PJT9HV_TJN_MAR_023_Mobile_GROUND TRUTH FKA XAD_DST_SV1_MAP_DIR_RCH_TRG_RON_WEA_PXT_DVY_PROXIMITY LOYALTY - WEATHER LOCATOR UNIT COLD_Run of Network_Weather_F25-54_320 x 50_Click and View_NV_NA	PJT9HV	12/26/2017	2/3/2018	320 x 50	CPMV	8.10	"11,837,514"	"$95,883.86 "					MSNYID	MBUIMONY	MINH BUI	"2017-11-08 12:04:40, EST"	Prisma Campaign Ad server
TJN_MAR_023_Marshalls 2H Digital_F18	CPD8SG	9/5/2017	2/3/2018	"$450,919.00 "	"$2,212,322.27 "	"$2,212,322.27 "	I | TJN | MAR	GROUND TRUTH FKA XAD	Child		PJT9HZ_TJN_MAR_023_Mobile_GROUND TRUTH FKA XAD_DST_SV1_MAP_DIR_RCH_TRG_RON_WEA_PXT_DVY_PROXIMITY LOYALTY - WEATHER LOCATOR UNIT WARM_Run of Network_Weather_F25-54_300 x 250_Click and View_NV_NA	PJT9HZ	12/26/2017	2/3/2018	300 x 250	CPMV	8.10	"11,837,514"	"$95,883.86 "					MSNYID	MBUIMONY	MINH BUI	"2017-11-08 12:04:40, EST"	Prisma Campaign Ad server
TJN_MAR_023_Marshalls 2H Digital_F18	CPD8SG	9/5/2017	2/3/2018	"$450,919.00 "	"$2,212,322.27 "	"$2,212,322.27 "	I | TJN | MAR	GROUND TRUTH FKA XAD	Child		PJT9J7_TJN_MAR_023_Mobile_GROUND TRUTH FKA XAD_DST_SV1_MAP_DIR_RCH_TRG_RON_WEA_PXT_DVY_PROXIMITY LOYALTY - WEATHER LOCATOR UNIT COLD_Run of Network_Weather_F25-54_300 x 250_Click and View_NV_NA	PJT9J7	12/26/2017	2/3/2018	300 x 250	CPMV	8.10	"11,837,514"	"$95,883.86 "					MSNYID	MBUIMONY	MINH BUI	"2017-11-08 12:04:40, EST"	Prisma Campaign Ad server
TJN_MAR_023_Marshalls 2H Digital_F18	CPD8SG	9/5/2017	2/3/2018	"$450,919.00 "	"$2,212,322.27 "	"$2,212,322.27 "	I | TJN | MAR	GROUND TRUTH FKA XAD	Package		PJQ0XZ_TJN_MAR_023_Mobile_GROUND TRUTH FKA XAD_Proximity Conquesting - Dynamic Distance Package_Run of Network_Geo_F25-54_Click and View_NV_NA	PJQ0XZ	12/26/2017	2/3/2018		CPMV	5.94	"2,965,261"	"$17,613.65 "					MSNYID	MBUIMONY	MINH BUI	"2017-11-08 12:04:40, EST"	Prisma Campaign Ad server
TJN_MAR_023_Marshalls 2H Digital_F18	CPD8SG	9/5/2017	2/3/2018	"$450,919.00 "	"$2,212,322.27 "	"$2,212,322.27 "	I | TJN | MAR	GROUND TRUTH FKA XAD	Child		PJQ0YY_TJN_MAR_023_Mobile_GROUND TRUTH FKA XAD_DST_SV1_MAP_DIR_DSP_TRG_RON_PXT_BTG_DVY_PROXIMITY CONQUESTING - DYNAMIC DISTANCE_Run of Network_Geo_F25-54_320 x 50_Click and View_NV_NA	PJQ0YY	12/26/2017	2/3/2018	320 x 50	CPMV	5.94	"2,965,261"	"$17,613.65 "					MSNYID	MBUIMONY	MINH BUI	"2017-11-08 12:04:40, EST"	Prisma Campaign Ad server
TJN_MAR_023_Marshalls 2H Digital_F18	CPD8SG	9/5/2017	2/3/2018	"$450,919.00 "	"$2,212,322.27 "	"$2,212,322.27 "	I | TJN | MAR	GROUND TRUTH FKA XAD	Child		PJQ0YZ_TJN_MAR_023_Mobile_GROUND TRUTH FKA XAD_DST_SV1_MAP_DIR_DSP_TRG_RON_PXT_BTG_DVY_PROXIMITY CONQUESTING - DYNAMIC DISTANCE_Run of Network_Geo_F25-54_300 x 250_Click and View_NV_NA	PJQ0YZ	12/26/2017	2/3/2018	300 x 250	CPMV	5.94	"2,965,261"	"$17,613.65 "					MSNYID	MBUIMONY	MINH BUI	"2017-11-08 12:04:40, EST"	Prisma Campaign Ad server
TJN_MAR_023_Marshalls 2H Digital_F18	CPD8SG	9/5/2017	2/3/2018	"$450,919.00 "	"$2,212,322.27 "	"$2,212,322.27 "	I | TJN | MAR	GROUND TRUTH FKA XAD	Child		PKFS0H_TJN_MAR_023_Mobile_GROUND TRUTH FKA XAD_DST_SV1_MAP_DIR_DSP_TRG_RON_PXT_BTG_DVY_PROXIMITY CONQUESTING - DYNAMIC DISTANCE V2_Run of Network_Geo_F25-54_320 x 50_Click and View_NV_NA	PKFS0H	12/26/2017	2/3/2018	320 x 50	CPMV	5.94	"2,965,261"	"$17,613.65 "					MSNYID	MBUIMONY	MINH BUI	"2017-11-08 12:04:40, EST"	Prisma Campaign Ad server
TJN_MAR_023_Marshalls 2H Digital_F18	CPD8SG	9/5/2017	2/3/2018	"$450,919.00 "	"$2,212,322.27 "	"$2,212,322.27 "	I | TJN | MAR	GROUND TRUTH FKA XAD	Package		PJQ0Y0_TJN_MAR_023_Mobile_GROUND TRUTH FKA XAD_Proximity Conquesting - Weather RM Package_Run of Network_Weather_F25-54_Click and View_NV_NA	PJQ0Y0	12/26/2017	2/3/2018		CPMV	8.10	"2,052,200"	"$16,622.82 "					MSNYID	MBUIMONY	MINH BUI	"2017-11-08 12:04:40, EST"	Prisma Campaign Ad server
TJN_MAR_023_Marshalls 2H Digital_F18	CPD8SG	9/5/2017	2/3/2018	"$450,919.00 "	"$2,212,322.27 "	"$2,212,322.27 "	I | TJN | MAR	GROUND TRUTH FKA XAD	Child		PJQ0Z0_TJN_MAR_023_Mobile_GROUND TRUTH FKA XAD_DST_SV1_MAP_DIR_RCH_TRG_RON_WEA_PXT_DVY_PROXIMITY CONQUESTING - WEATHER LOCATOR UNIT RAINY_Run of Network_Weather_F25-54_320 x 50_Click and View_NV_NA	PJQ0Z0	12/26/2017	2/3/2018	320 x 50	CPMV	8.10	"2,052,200"	"$16,622.82 "					MSNYID	MBUIMONY	MINH BUI	"2017-11-08 12:04:40, EST"	Prisma Campaign Ad server
TJN_MAR_023_Marshalls 2H Digital_F18	CPD8SG	9/5/2017	2/3/2018	"$450,919.00 "	"$2,212,322.27 "	"$2,212,322.27 "	I | TJN | MAR	GROUND TRUTH FKA XAD	Child		PJQ0Z1_TJN_MAR_023_Mobile_GROUND TRUTH FKA XAD_DST_SV1_MAP_DIR_RCH_TRG_RON_WEA_PXT_DVY_PROXIMITY CONQUESTING - WEATHER LOCATOR UNIT RAINY_Run of Network_Weather_F25-54_300 x 250_Click and View_NV_NA	PJQ0Z1	12/26/2017	2/3/2018	300 x 250	CPMV	8.10	"2,052,200"	"$16,622.82 "					MSNYID	MBUIMONY	MINH BUI	"2017-11-08 12:04:40, EST"	Prisma Campaign Ad server
TJN_MAR_023_Marshalls 2H Digital_F18	CPD8SG	9/5/2017	2/3/2018	"$450,919.00 "	"$2,212,322.27 "	"$2,212,322.27 "	I | TJN | MAR	GROUND TRUTH FKA XAD	Child		PJT9JP_TJN_MAR_023_Mobile_GROUND TRUTH FKA XAD_DST_SV1_MAP_DIR_RCH_TRG_RON_WEA_PXT_DVY_PROXIMITY CONQUESTING - WEATHER LOCATOR UNIT WARM_Run of Network_Weather_F25-54_320 x 50_Click and View_NV_NA	PJT9JP	12/26/2017	2/3/2018	320 x 50	CPMV	8.10	"2,052,200"	"$16,622.82 "					MSNYID	MBUIMONY	MINH BUI	"2017-11-08 12:04:40, EST"	Prisma Campaign Ad server
TJN_MAR_023_Marshalls 2H Digital_F18	CPD8SG	9/5/2017	2/3/2018	"$450,919.00 "	"$2,212,322.27 "	"$2,212,322.27 "	I | TJN | MAR	GROUND TRUTH FKA XAD	Child		PJT9JT_TJN_MAR_023_Mobile_GROUND TRUTH FKA XAD_DST_SV1_MAP_DIR_RCH_TRG_RON_WEA_PXT_DVY_PROXIMITY CONQUESTING - WEATHER LOCATOR UNIT COLD_Run of Network_Weather_F25-54_320 x 50_Click and View_NV_NA	PJT9JT	12/26/2017	2/3/2018	320 x 50	CPMV	8.10	"2,052,200"	"$16,622.82 "					MSNYID	MBUIMONY	MINH BUI	"2017-11-08 12:04:40, EST"	Prisma Campaign Ad server
TJN_MAR_023_Marshalls 2H Digital_F18	CPD8SG	9/5/2017	2/3/2018	"$450,919.00 "	"$2,212,322.27 "	"$2,212,322.27 "	I | TJN | MAR	GROUND TRUTH FKA XAD	Child		PJT9JW_TJN_MAR_023_Mobile_GROUND TRUTH FKA XAD_DST_SV1_MAP_DIR_RCH_TRG_RON_WEA_PXT_DVY_PROXIMITY CONQUESTING - WEATHER LOCATOR UNIT WARM_Run of Network_Weather_F25-54_300 x 250_Click and View_NV_NA	PJT9JW	12/26/2017	2/3/2018	300 x 250	CPMV	8.10	"2,052,200"	"$16,622.82 "					MSNYID	MBUIMONY	MINH BUI	"2017-11-08 12:04:40, EST"	Prisma Campaign Ad server
TJN_MAR_023_Marshalls 2H Digital_F18	CPD8SG	9/5/2017	2/3/2018	"$450,919.00 "	"$2,212,322.27 "	"$2,212,322.27 "	I | TJN | MAR	GROUND TRUTH FKA XAD	Child		PJT9K1_TJN_MAR_023_Mobile_GROUND TRUTH FKA XAD_DST_SV1_MAP_DIR_RCH_TRG_RON_WEA_PXT_DVY_PROXIMITY CONQUESTING - WEATHER LOCATOR UNIT COLD_Run of Network_Weather_F25-54_300 x 250_Click and View_NV_NA	PJT9K1	12/26/2017	2/3/2018	300 x 250	CPMV	8.10	"2,052,200"	"$16,622.82 "					MSNYID	MBUIMONY	MINH BUI	"2017-11-08 12:04:40, EST"	Prisma Campaign Ad server
TJN_MAR_023_Marshalls 2H Digital_F18	CPD8SG	9/5/2017	2/3/2018	"$450,919.00 "	"$2,212,322.27 "	"$2,212,322.27 "	I | TJN | MAR	GROUND TRUTH FKA XAD	Package		PJQ0Y1_TJN_MAR_023_Mobile_GROUND TRUTH FKA XAD_Behavioral - Fashion Shopper - Dynamic Distance Package_Run of Network_Behavioral_F25-54_Click and View_NV_NA	PJQ0Y1	12/26/2017	2/3/2018		CPMV	11.00	"4,036,697"	"$44,403.67 "					MSNYID	MBUIMONY	MINH BUI	"2017-11-08 12:04:40, EST"	Prisma Campaign Ad server
TJN_MAR_023_Marshalls 2H Digital_F18	CPD8SG	9/5/2017	2/3/2018	"$450,919.00 "	"$2,212,322.27 "	"$2,212,322.27 "	I | TJN | MAR	GROUND TRUTH FKA XAD	Child		PJQ0Z2_TJN_MAR_023_Mobile_GROUND TRUTH FKA XAD_DST_SV1_MAP_DIR_DSP_TRG_RON_BTG_DMA_DVY_BEHAVIORAL - FASHION SHOPPER - DYNAMIC DISTANCE_Run of Network_Behavioral_F25-54_320 x 50_Click and View_NV_NA	PJQ0Z2	12/26/2017	2/3/2018	320 x 50	CPMV	11.00	"4,036,697"	"$44,403.67 "					MSNYID	MBUIMONY	MINH BUI	"2017-11-08 12:04:40, EST"	Prisma Campaign Ad server
TJN_MAR_023_Marshalls 2H Digital_F18	CPD8SG	9/5/2017	2/3/2018	"$450,919.00 "	"$2,212,322.27 "	"$2,212,322.27 "	I | TJN | MAR	GROUND TRUTH FKA XAD	Child		PJQ0Z3_TJN_MAR_023_Mobile_GROUND TRUTH FKA XAD_DST_SV1_MAP_DIR_DSP_TRG_RON_BTG_DMA_DVY_BEHAVIORAL - FASHION SHOPPER - DYNAMIC DISTANCE_Run of Network_Behavioral_F25-54_300 x 250_Click and View_NV_NA	PJQ0Z3	12/26/2017	2/3/2018	300 x 250	CPMV	11.00	"4,036,697"	"$44,403.67 "					MSNYID	MBUIMONY	MINH BUI	"2017-11-08 12:04:40, EST"	Prisma Campaign Ad server
TJN_MAR_023_Marshalls 2H Digital_F18	CPD8SG	9/5/2017	2/3/2018	"$450,919.00 "	"$2,212,322.27 "	"$2,212,322.27 "	I | TJN | MAR	GROUND TRUTH FKA XAD	Child		PKFS13_TJN_MAR_023_Mobile_GROUND TRUTH FKA XAD_DST_SV1_MAP_DIR_DSP_TRG_RON_BTG_DMA_DVY_BEHAVIORAL - FASHION SHOPPER - DYNAMIC DISTANCE V2_Run of Network_Behavioral_F25-54_320 x 50_Click and View_NV_NA	PKFS13	12/26/2017	2/3/2018	320 x 50	CPMV	11.00	"4,036,697"	"$44,403.67 "					MSNYID	MBUIMONY	MINH BUI	"2017-11-08 12:04:40, EST"	Prisma Campaign Ad server
TJN_MAR_023_Marshalls 2H Digital_F18	CPD8SG	9/5/2017	2/3/2018	"$450,919.00 "	"$2,212,322.27 "	"$2,212,322.27 "	I | TJN | MAR	GROUND TRUTH FKA XAD	Package		PJQ0Y2_TJN_MAR_023_Mobile_GROUND TRUTH FKA XAD_Location - Marshalls Shopper - Dynamic Distance Package_Run of Network_Geo_F25-54_Click and View_NV_NA	PJQ0Y2	12/26/2017	2/3/2018		CPMV	9.90	"1,688,564"	"$16,716.78 "					MSNYID	MBUIMONY	MINH BUI	"2017-11-08 12:04:40, EST"	Prisma Campaign Ad server
TJN_MAR_023_Marshalls 2H Digital_F18	CPD8SG	9/5/2017	2/3/2018	"$450,919.00 "	"$2,212,322.27 "	"$2,212,322.27 "	I | TJN | MAR	GROUND TRUTH FKA XAD	Child		PJQ0Z4_TJN_MAR_023_Mobile_GROUND TRUTH FKA XAD_DST_SV1_MAP_DIR_DSP_TRG_RON_BTG_PXT_DVY_MARSHALLS SHOPPERS - DYNAMIC DISTANCE_Run of Network_Geo_F25-54_320 x 50_Click and View_NV_NA	PJQ0Z4	12/26/2017	2/3/2018	320 x 50	CPMV	9.90	"1,688,564"	"$16,716.78 "					MSNYID	MBUIMONY	MINH BUI	"2017-11-08 12:04:40, EST"	Prisma Campaign Ad server
TJN_MAR_023_Marshalls 2H Digital_F18	CPD8SG	9/5/2017	2/3/2018	"$450,919.00 "	"$2,212,322.27 "	"$2,212,322.27 "	I | TJN | MAR	GROUND TRUTH FKA XAD	Child		PJQ0Z5_TJN_MAR_023_Mobile_GROUND TRUTH FKA XAD_DST_SV1_MAP_DIR_DSP_TRG_RON_BTG_PXT_DVY_MARSHALLS SHOPPERS - DYNAMIC DISTANCE_Run of Network_Geo_F25-54_300 x 250_Click and View_NV_NA	PJQ0Z5	12/26/2017	2/3/2018	300 x 250	CPMV	9.90	"1,688,564"	"$16,716.78 "					MSNYID	MBUIMONY	MINH BUI	"2017-11-08 12:04:40, EST"	Prisma Campaign Ad server
TJN_MAR_023_Marshalls 2H Digital_F18	CPD8SG	9/5/2017	2/3/2018	"$450,919.00 "	"$2,212,322.27 "	"$2,212,322.27 "	I | TJN | MAR	GROUND TRUTH FKA XAD	Child		PKFS1B_TJN_MAR_023_Mobile_GROUND TRUTH FKA XAD_DST_SV1_MAP_DIR_DSP_TRG_RON_BTG_PXT_DVY_MARSHALLS SHOPPERS - DYNAMIC DISTANCE V2_Run of Network_Geo_F25-54_320 x 50_Click and View_NV_NA	PKFS1B	12/26/2017	2/3/2018	320 x 50	CPMV	9.90	"1,688,564"	"$16,716.78 "					MSNYID	MBUIMONY	MINH BUI	"2017-11-08 12:04:40, EST"	Prisma Campaign Ad server
TJN_MAR_023_Marshalls 2H Digital_F18	CPD8SG	9/5/2017	2/3/2018	"$450,919.00 "	"$2,212,322.27 "	"$2,212,322.27 "	I | TJN | MAR	GROUND TRUTH FKA XAD	Package		PJQ0Y3_TJN_MAR_023_Mobile_GROUND TRUTH FKA XAD_Location - Competitor Shopper - Dynamic Distance Package_Run of Network_Geo_F25-54_Click and View_NV_NA	PJQ0Y3	12/26/2017	2/3/2018		CPMV	9.90	"1,688,564"	"$16,716.78 "					MSNYID	MBUIMONY	MINH BUI	"2017-11-08 12:04:40, EST"	Prisma Campaign Ad server
TJN_MAR_023_Marshalls 2H Digital_F18	CPD8SG	9/5/2017	2/3/2018	"$450,919.00 "	"$2,212,322.27 "	"$2,212,322.27 "	I | TJN | MAR	GROUND TRUTH FKA XAD	Child		PJQ0Z6_TJN_MAR_023_Mobile_GROUND TRUTH FKA XAD_DST_SV1_MAP_DIR_DSP_TRG_RON_BTG_PXT_DVY_COMPETITOR SHOPPERS - DYNAMIC DISTANCE_Run of Network_Geo_F25-54_320 x 50_Click and View_NV_NA	PJQ0Z6	12/26/2017	2/3/2018	320 x 50	CPMV	9.90	"1,688,564"	"$16,716.78 "					MSNYID	MBUIMONY	MINH BUI	"2017-11-08 12:04:40, EST"	Prisma Campaign Ad server
TJN_MAR_023_Marshalls 2H Digital_F18	CPD8SG	9/5/2017	2/3/2018	"$450,919.00 "	"$2,212,322.27 "	"$2,212,322.27 "	I | TJN | MAR	GROUND TRUTH FKA XAD	Child		PJQ0Z7_TJN_MAR_023_Mobile_GROUND TRUTH FKA XAD_DST_SV1_MAP_DIR_DSP_TRG_RON_BTG_PXT_DVY_COMPETITOR SHOPPERS - DYNAMIC DISTANCE_Run of Network_Geo_F25-54_300 x 250_Click and View_NV_NA	PJQ0Z7	12/26/2017	2/3/2018	300 x 250	CPMV	9.90	"1,688,564"	"$16,716.78 "					MSNYID	MBUIMONY	MINH BUI	"2017-11-08 12:04:40, EST"	Prisma Campaign Ad server
TJN_MAR_023_Marshalls 2H Digital_F18	CPD8SG	9/5/2017	2/3/2018	"$450,919.00 "	"$2,212,322.27 "	"$2,212,322.27 "	I | TJN | MAR	GROUND TRUTH FKA XAD	Child		PKFS23_TJN_MAR_023_Mobile_GROUND TRUTH FKA XAD_DST_SV1_MAP_DIR_DSP_TRG_RON_BTG_PXT_DVY_COMPETITOR SHOPPERS - DYNAMIC DISTANCE V2_Run of Network_Geo_F25-54_320 x 50_Click and View_NV_NA	PKFS23	12/26/2017	2/3/2018	320 x 50	CPMV	9.90	"1,688,564"	"$16,716.78 "					MSNYID	MBUIMONY	MINH BUI	"2017-11-08 12:04:40, EST"	Prisma Campaign Ad server
TJN_MAR_023_Marshalls 2H Digital_F18	CPD8SG	9/5/2017	2/3/2018	"$450,919.00 "	"$2,212,322.27 "	"$2,212,322.27 "	I | TJN | MAR	GROUND TRUTH FKA XAD	Package		PJQ0Y4_TJN_MAR_023_Mobile_GROUND TRUTH FKA XAD_Geoblocks Loyalty - Dynamic Distance Pacakge_Run of Network_Geo_F25-54_Click and View_NV_NA	PJQ0Y4	12/26/2017	2/3/2018		CPMV	7.20	"2,366,065"	"$17,035.67 "					MSNYID	MBUIMONY	MINH BUI	"2017-11-08 12:04:40, EST"	Prisma Campaign Ad server
TJN_MAR_023_Marshalls 2H Digital_F18	CPD8SG	9/5/2017	2/3/2018	"$450,919.00 "	"$2,212,322.27 "	"$2,212,322.27 "	I | TJN | MAR	GROUND TRUTH FKA XAD	Child		PJQ0Z8_TJN_MAR_023_Mobile_GROUND TRUTH FKA XAD_DST_SV1_MAP_DIR_DSP_TRG_RON_PXT_BTG_DVY_GEOBLOCKS LOYALTY - DYNAMIC DISTANCE_Run of Network_Geo_F25-54_320 x 50_Click and View_NV_NA	PJQ0Z8	12/26/2017	2/3/2018	320 x 50	CPMV	7.20	"2,366,065"	"$17,035.67 "					MSNYID	MBUIMONY	MINH BUI	"2017-11-08 12:04:40, EST"	Prisma Campaign Ad server
TJN_MAR_023_Marshalls 2H Digital_F18	CPD8SG	9/5/2017	2/3/2018	"$450,919.00 "	"$2,212,322.27 "	"$2,212,322.27 "	I | TJN | MAR	GROUND TRUTH FKA XAD	Child		PJQ0Z9_TJN_MAR_023_Mobile_GROUND TRUTH FKA XAD_DST_SV1_MAP_DIR_DSP_TRG_RON_PXT_BTG_DVY_GEOBLOCKS LOYALTY - DYNAMIC DISTANCE_Run of Network_Geo_F25-54_300 x 250_Click and View_NV_NA	PJQ0Z9	12/26/2017	2/3/2018	300 x 250	CPMV	7.20	"2,366,065"	"$17,035.67 "					MSNYID	MBUIMONY	MINH BUI	"2017-11-08 12:04:40, EST"	Prisma Campaign Ad server
TJN_MAR_023_Marshalls 2H Digital_F18	CPD8SG	9/5/2017	2/3/2018	"$450,919.00 "	"$2,212,322.27 "	"$2,212,322.27 "	I | TJN | MAR	GROUND TRUTH FKA XAD	Child		PKFS2S_TJN_MAR_023_Mobile_GROUND TRUTH FKA XAD_DST_SV1_MAP_DIR_DSP_TRG_RON_PXT_BTG_DVY_GEOBLOCKS LOYALTY - DYNAMIC DISTANCE V2_Run of Network_Geo_F25-54_320 x 50_Click and View_NV_NA	PKFS2S	12/26/2017	2/3/2018	320 x 50	CPMV	7.20	"2,366,065"	"$17,035.67 "					MSNYID	MBUIMONY	MINH BUI	"2017-11-08 12:04:40, EST"	Prisma Campaign Ad server
TJN_MAR_023_Marshalls 2H Digital_F18	CPD8SG	9/5/2017	2/3/2018	"$450,919.00 "	"$2,212,322.27 "	"$2,212,322.27 "	I | TJN | MAR	GROUND TRUTH FKA XAD	Package		PJQ0Y5_TJN_MAR_023_Mobile_GROUND TRUTH FKA XAD_Geoblocks Conquesting - Dynamic Distance Package_Run of Network_Geo_F25-54_Click and View_NV_NA	PJQ0Y5	12/26/2017	2/3/2018		CPMV	7.20	"2,366,065"	"$17,035.67 "					MSNYID	MBUIMONY	MINH BUI	"2017-11-08 12:04:40, EST"	Prisma Campaign Ad server
TJN_MAR_023_Marshalls 2H Digital_F18	CPD8SG	9/5/2017	2/3/2018	"$450,919.00 "	"$2,212,322.27 "	"$2,212,322.27 "	I | TJN | MAR	GROUND TRUTH FKA XAD	Child		PJQ0ZB_TJN_MAR_023_Mobile_GROUND TRUTH FKA XAD_DST_SV1_MAP_DIR_DSP_TRG_RON_PXT_BTG_DVY_GEOBLOCKS CONQUESTING - DYNAMIC DISTANCE_Run of Network_Geo_F25-54_320 x 50_Click and View_NV_NA	PJQ0ZB	12/26/2017	2/3/2018	320 x 50	CPMV	7.20	"2,366,065"	"$17,035.67 "					MSNYID	MBUIMONY	MINH BUI	"2017-11-08 12:04:40, EST"	Prisma Campaign Ad server
TJN_MAR_023_Marshalls 2H Digital_F18	CPD8SG	9/5/2017	2/3/2018	"$450,919.00 "	"$2,212,322.27 "	"$2,212,322.27 "	I | TJN | MAR	GROUND TRUTH FKA XAD	Child		PJQ0ZC_TJN_MAR_023_Mobile_GROUND TRUTH FKA XAD_DST_SV1_MAP_DIR_DSP_TRG_RON_PXT_BTG_DVY_GEOBLOCKS CONQUESTING - DYNAMIC DISTANCE_Run of Network_Geo_F25-54_300 x 250_Click and View_NV_NA	PJQ0ZC	12/26/2017	2/3/2018	300 x 250	CPMV	7.20	"2,366,065"	"$17,035.67 "					MSNYID	MBUIMONY	MINH BUI	"2017-11-08 12:04:40, EST"	Prisma Campaign Ad server
TJN_MAR_023_Marshalls 2H Digital_F18	CPD8SG	9/5/2017	2/3/2018	"$450,919.00 "	"$2,212,322.27 "	"$2,212,322.27 "	I | TJN | MAR	GROUND TRUTH FKA XAD	Child		PKFS2Y_TJN_MAR_023_Mobile_GROUND TRUTH FKA XAD_DST_SV1_MAP_DIR_DSP_TRG_RON_PXT_BTG_DVY_GEOBLOCKS CONQUESTING - DYNAMIC DISTANCE V2_Run of Network_Geo_F25-54_320 x 50_Click and View_NV_NA	PKFS2Y	12/26/2017	2/3/2018	320 x 50	CPMV	7.20	"2,366,065"	"$17,035.67 "					MSNYID	MBUIMONY	MINH BUI	"2017-11-08 12:04:40, EST"	Prisma Campaign Ad server
TJN_MAR_023_Marshalls 2H Digital_F18	CPD8SG	9/5/2017	2/3/2018	"$450,919.00 "	"$2,212,322.27 "	"$2,212,322.27 "	I | TJN | MAR	GROUND TRUTH FKA XAD	Standalone		PJQ0YS_TJN_MAR_023_Mobile_GROUND TRUTH FKA XAD_DST_SV1_MAP_DIR_DSP_TRG_RON_DMA_BTG_DVY_AV DMA TARGETING_Run of Network_Geo_F25-54_300 x 250_Click and View_NV_NA	PJQ0YS	9/5/2017	11/12/2017	300 x 250	Free	0.00	"2,227,273"	$0.00 	"839,264"	$0.00 	"1,000,658"	$0.00 	MSNYID	MBUIMONY	MINH BUI	"2017-11-08 12:04:40, EST"	Prisma Campaign Ad server
TJN_MAR_023_Marshalls 2H Digital_F18	CPD8SG	9/5/2017	2/3/2018	"$450,919.00 "	"$2,212,322.27 "	"$2,212,322.27 "	I | TJN | MAR	GROUND TRUTH FKA XAD	Standalone		PJQ0ZD_TJN_MAR_023_Mobile_GROUND TRUTH FKA XAD_DST_SV1_MAP_DIR_DSP_TRG_RON_DMA_BTG_DVY_AV DMA TARGETING_Run of Network_Geo_F25-54_300 x 250_Click and View_NV_NA	PJQ0ZD	12/26/2017	2/3/2018	300 x 250	Free	0.00	"1,272,727"	$0.00 					MSNYID	MBUIMONY	MINH BUI	"2017-11-08 12:04:40, EST"	Prisma Campaign Ad server
TJN_MAR_023_Marshalls 2H Digital_F18	CPD8SG	9/5/2017	2/3/2018	"$450,919.00 "	"$2,212,322.27 "	"$2,212,322.27 "	I | TJN | MAR	NINTHDECIMAL	Package		PJPSRQ_TJN_MAR_023_Mobile_NINTHDECIMAL_Mobile Drive to Store Package_Run of Network_Behavioral_F25-54_Click and View_NV_NA	PJPSRQ	9/5/2017	11/12/2017		CPMV	8.50	"33,891,741"	"$288,079.80 "	"8,348,625"	"$70,963.31 "	"18,414,805"	"$156,525.84 "	MSNYID	MBUIMONY	MINH BUI	"2017-11-08 12:04:40, EST"	Prisma Campaign Ad server
TJN_MAR_023_Marshalls 2H Digital_F18	CPD8SG	9/5/2017	2/3/2018	"$450,919.00 "	"$2,212,322.27 "	"$2,212,322.27 "	I | TJN | MAR	NINTHDECIMAL	Child		PJPSRR_TJN_MAR_023_Mobile_NINTHDECIMAL_DST_SV1_MAP_DIR_RCH_TRG_RON_PXT_DMA_DVY_GEOFENCE: 2-MILE RADIUS AROUND URBAN STORES_Run of Network_Geo_F25-54_320 x 50_Click and View_NV_NA	PJPSRR	9/5/2017	11/12/2017	320 x 50	CPMV	8.50	"33,891,741"	"$288,079.80 "					MSNYID	MBUIMONY	MINH BUI	"2017-11-08 12:04:40, EST"	Prisma Campaign Ad server
TJN_MAR_023_Marshalls 2H Digital_F18	CPD8SG	9/5/2017	2/3/2018	"$450,919.00 "	"$2,212,322.27 "	"$2,212,322.27 "	I | TJN | MAR	NINTHDECIMAL	Child		PJPSRS_TJN_MAR_023_Mobile_NINTHDECIMAL_DST_SV1_MAP_DIR_RCH_TRG_RON_PXT_DMA_DVY_GEOFENCE: 5-10-MILE RADIUS AROUND SUBURBAN STORES_Run of Network_Geo_F25-54_320 x 50_Click and View_NV_NA	PJPSRS	9/5/2017	11/12/2017	320 x 50	CPMV	8.50	"33,891,741"	"$288,079.80 "					MSNYID	MBUIMONY	MINH BUI	"2017-11-08 12:04:40, EST"	Prisma Campaign Ad server
TJN_MAR_023_Marshalls 2H Digital_F18	CPD8SG	9/5/2017	2/3/2018	"$450,919.00 "	"$2,212,322.27 "	"$2,212,322.27 "	I | TJN | MAR	NINTHDECIMAL	Child		PJPSRT_TJN_MAR_023_Mobile_NINTHDECIMAL_DST_SV1_MAP_DIR_RCH_TRG_RON_PXT_DMA_DVY_GEOFENCE: 15-20-MILE RADIUS AROUND RURAL STORES_Run of Network_Geo_F25-54_320 x 50_Click and View_NV_NA	PJPSRT	9/5/2017	11/12/2017	320 x 50	CPMV	8.50	"33,891,741"	"$288,079.80 "					MSNYID	MBUIMONY	MINH BUI	"2017-11-08 12:04:40, EST"	Prisma Campaign Ad server
TJN_MAR_023_Marshalls 2H Digital_F18	CPD8SG	9/5/2017	2/3/2018	"$450,919.00 "	"$2,212,322.27 "	"$2,212,322.27 "	I | TJN | MAR	NINTHDECIMAL	Child		PJPSRV_TJN_MAR_023_Mobile_NINTHDECIMAL_DST_SV1_MAP_DIR_RCH_TRG_RON_BTG_PXT_DVY_LOCATION GRAPH: MARSHALLS LOYALISTS_Run of Network_Behavioral_F25-54_320 x 50_Click and View_NV_NA	PJPSRV	9/5/2017	11/12/2017	320 x 50	CPMV	8.50	"33,891,741"	"$288,079.80 "					MSNYID	MBUIMONY	MINH BUI	"2017-11-08 12:04:40, EST"	Prisma Campaign Ad server
TJN_MAR_023_Marshalls 2H Digital_F18	CPD8SG	9/5/2017	2/3/2018	"$450,919.00 "	"$2,212,322.27 "	"$2,212,322.27 "	I | TJN | MAR	NINTHDECIMAL	Child		PJPSRW_TJN_MAR_023_Mobile_NINTHDECIMAL_DST_SV1_MAP_DIR_RCH_TRG_RON_BTG_PXT_DVY_LOCATION GRAPH: TJX FAMILY LOYALISTS_Run of Network_Behavioral_F25-54_320 x 50_Click and View_NV_NA	PJPSRW	9/5/2017	11/12/2017	320 x 50	CPMV	8.50	"33,891,741"	"$288,079.80 "					MSNYID	MBUIMONY	MINH BUI	"2017-11-08 12:04:40, EST"	Prisma Campaign Ad server
TJN_MAR_023_Marshalls 2H Digital_F18	CPD8SG	9/5/2017	2/3/2018	"$450,919.00 "	"$2,212,322.27 "	"$2,212,322.27 "	I | TJN | MAR	NINTHDECIMAL	Child		PJPSRX_TJN_MAR_023_Mobile_NINTHDECIMAL_DST_SV1_MAP_DIR_RCH_TRG_RON_BTG_PXT_DVY_LOCATION GRAPH: COMPETITIVE CONQUESTING_Run of Network_Behavioral_F25-54_320 x 50_Click and View_NV_NA	PJPSRX	9/5/2017	11/12/2017	320 x 50	CPMV	8.50	"33,891,741"	"$288,079.80 "					MSNYID	MBUIMONY	MINH BUI	"2017-11-08 12:04:40, EST"	Prisma Campaign Ad server
TJN_MAR_023_Marshalls 2H Digital_F18	CPD8SG	9/5/2017	2/3/2018	"$450,919.00 "	"$2,212,322.27 "	"$2,212,322.27 "	I | TJN | MAR	NINTHDECIMAL	Child		PJPSRY_TJN_MAR_023_Mobile_NINTHDECIMAL_DST_SV1_MAP_DIR_RCH_TRG_RON_BTG_PXT_DVY_LOCATION GRAPH: LABOR DAY SALES SHOPPERS_Run of Network_Behavioral_F25-54_320 x 50_Click and View_NV_NA	PJPSRY	9/5/2017	11/12/2017	320 x 50	CPMV	8.50	"33,891,741"	"$288,079.80 "					MSNYID	MBUIMONY	MINH BUI	"2017-11-08 12:04:40, EST"	Prisma Campaign Ad server
TJN_MAR_023_Marshalls 2H Digital_F18	CPD8SG	9/5/2017	2/3/2018	"$450,919.00 "	"$2,212,322.27 "	"$2,212,322.27 "	I | TJN | MAR	NINTHDECIMAL	Child		PJPSRZ_TJN_MAR_023_Mobile_NINTHDECIMAL_DST_SV1_MAP_DIR_RCH_TRG_RON_BTG_DMA_DVY_CONSUMER JOURNEY: BARGAIN HUNTERS_Run of Network_Behavioral_F25-54_320 x 50_Click and View_NV_NA	PJPSRZ	9/5/2017	11/12/2017	320 x 50	CPMV	8.50	"33,891,741"	"$288,079.80 "					MSNYID	MBUIMONY	MINH BUI	"2017-11-08 12:04:40, EST"	Prisma Campaign Ad server
TJN_MAR_023_Marshalls 2H Digital_F18	CPD8SG	9/5/2017	2/3/2018	"$450,919.00 "	"$2,212,322.27 "	"$2,212,322.27 "	I | TJN | MAR	NINTHDECIMAL	Child		PJPSS0_TJN_MAR_023_Mobile_NINTHDECIMAL_DST_SV1_MAP_DIR_RCH_TRG_RON_BTG_DMA_DVY_3RD PARTY: SURPRISE CHOOSERS_Run of Network_Behavioral_F25-54_320 x 50_Click and View_NV_NA	PJPSS0	9/5/2017	11/12/2017	320 x 50	CPMV	8.50	"33,891,741"	"$288,079.80 "					MSNYID	MBUIMONY	MINH BUI	"2017-11-08 12:04:40, EST"	Prisma Campaign Ad server
TJN_MAR_023_Marshalls 2H Digital_F18	CPD8SG	9/5/2017	2/3/2018	"$450,919.00 "	"$2,212,322.27 "	"$2,212,322.27 "	I | TJN | MAR	NINTHDECIMAL	Child		"PJPSS1_TJN_MAR_023_Mobile_NINTHDECIMAL_DST_SV1_MAP_DIR_RCH_TRG_RON_BTG_DMA_DVY_TV TARGETING: PEOPLE WHO WATCH BRAVO, TLC, HGTV, A&E, LIFETIME, DISCOVERY_Run of Network_Behavioral_F25-54_320 x 50_Click and View_NV_NA"	PJPSS1	9/5/2017	11/12/2017	320 x 50	CPMV	8.50	"33,891,741"	"$288,079.80 "					MSNYID	MBUIMONY	MINH BUI	"2017-11-08 12:04:40, EST"	Prisma Campaign Ad server
TJN_MAR_023_Marshalls 2H Digital_F18	CPD8SG	9/5/2017	2/3/2018	"$450,919.00 "	"$2,212,322.27 "	"$2,212,322.27 "	I | TJN | MAR	NINTHDECIMAL	Package		PJQ0V7_TJN_MAR_023_Mobile_NINTHDECIMAL_Mobile Drive to Store Package_Run of Network_Behavioral_F25-54_Click and View_NV_NA	PJQ0V7	12/26/2017	2/3/2018		CPMV	8.50	"24,579,814"	"$208,928.42 "					MSNYID	MBUIMONY	MINH BUI	"2017-11-08 12:04:40, EST"	Prisma Campaign Ad server
TJN_MAR_023_Marshalls 2H Digital_F18	CPD8SG	9/5/2017	2/3/2018	"$450,919.00 "	"$2,212,322.27 "	"$2,212,322.27 "	I | TJN | MAR	NINTHDECIMAL	Child		PJQ0V8_TJN_MAR_023_Mobile_NINTHDECIMAL_DST_SV1_MAP_DIR_RCH_TRG_RON_PXT_DMA_DVY_GEOFENCE: 2-MILE RADIUS AROUND URBAN STORES_Run of Network_Geo_F25-54_320 x 50_Click and View_NV_NA	PJQ0V8	12/26/2017	2/3/2018	320 x 50	CPMV	8.50	"24,579,814"	"$208,928.42 "					MSNYID	MBUIMONY	MINH BUI	"2017-11-08 12:04:40, EST"	Prisma Campaign Ad server
TJN_MAR_023_Marshalls 2H Digital_F18	CPD8SG	9/5/2017	2/3/2018	"$450,919.00 "	"$2,212,322.27 "	"$2,212,322.27 "	I | TJN | MAR	NINTHDECIMAL	Child		PJQ0V9_TJN_MAR_023_Mobile_NINTHDECIMAL_DST_SV1_MAP_DIR_RCH_TRG_RON_PXT_DMA_DVY_GEOFENCE: 5-10-MILE RADIUS AROUND SUBURBAN STORES_Run of Network_Geo_F25-54_320 x 50_Click and View_NV_NA	PJQ0V9	12/26/2017	2/3/2018	320 x 50	CPMV	8.50	"24,579,814"	"$208,928.42 "					MSNYID	MBUIMONY	MINH BUI	"2017-11-08 12:04:40, EST"	Prisma Campaign Ad server
TJN_MAR_023_Marshalls 2H Digital_F18	CPD8SG	9/5/2017	2/3/2018	"$450,919.00 "	"$2,212,322.27 "	"$2,212,322.27 "	I | TJN | MAR	NINTHDECIMAL	Child		PJQ0VB_TJN_MAR_023_Mobile_NINTHDECIMAL_DST_SV1_MAP_DIR_RCH_TRG_RON_PXT_DMA_DVY_GEOFENCE: 15-20-MILE RADIUS AROUND RURAL STORES_Run of Network_Geo_F25-54_320 x 50_Click and View_NV_NA	PJQ0VB	12/26/2017	2/3/2018	320 x 50	CPMV	8.50	"24,579,814"	"$208,928.42 "					MSNYID	MBUIMONY	MINH BUI	"2017-11-08 12:04:40, EST"	Prisma Campaign Ad server
TJN_MAR_023_Marshalls 2H Digital_F18	CPD8SG	9/5/2017	2/3/2018	"$450,919.00 "	"$2,212,322.27 "	"$2,212,322.27 "	I | TJN | MAR	NINTHDECIMAL	Child		PJQ0VC_TJN_MAR_023_Mobile_NINTHDECIMAL_DST_SV1_MAP_DIR_RCH_TRG_RON_BTG_PXT_DVY_LOCATION GRAPH: MARSHALLS LOYALISTS_Run of Network_Behavioral_F25-54_320 x 50_Click and View_NV_NA	PJQ0VC	12/26/2017	2/3/2018	320 x 50	CPMV	8.50	"24,579,814"	"$208,928.42 "					MSNYID	MBUIMONY	MINH BUI	"2017-11-08 12:04:40, EST"	Prisma Campaign Ad server
TJN_MAR_023_Marshalls 2H Digital_F18	CPD8SG	9/5/2017	2/3/2018	"$450,919.00 "	"$2,212,322.27 "	"$2,212,322.27 "	I | TJN | MAR	NINTHDECIMAL	Child		PJQ0VD_TJN_MAR_023_Mobile_NINTHDECIMAL_DST_SV1_MAP_DIR_RCH_TRG_RON_BTG_PXT_DVY_LOCATION GRAPH: TJX FAMILY LOYALISTS_Run of Network_Behavioral_F25-54_320 x 50_Click and View_NV_NA	PJQ0VD	12/26/2017	2/3/2018	320 x 50	CPMV	8.50	"24,579,814"	"$208,928.42 "					MSNYID	MBUIMONY	MINH BUI	"2017-11-08 12:04:40, EST"	Prisma Campaign Ad server
TJN_MAR_023_Marshalls 2H Digital_F18	CPD8SG	9/5/2017	2/3/2018	"$450,919.00 "	"$2,212,322.27 "	"$2,212,322.27 "	I | TJN | MAR	NINTHDECIMAL	Child		PJQ0VF_TJN_MAR_023_Mobile_NINTHDECIMAL_DST_SV1_MAP_DIR_RCH_TRG_RON_BTG_PXT_DVY_LOCATION GRAPH: COMPETITIVE CONQUESTING_Run of Network_Behavioral_F25-54_320 x 50_Click and View_NV_NA	PJQ0VF	12/26/2017	2/3/2018	320 x 50	CPMV	8.50	"24,579,814"	"$208,928.42 "					MSNYID	MBUIMONY	MINH BUI	"2017-11-08 12:04:40, EST"	Prisma Campaign Ad server
TJN_MAR_023_Marshalls 2H Digital_F18	CPD8SG	9/5/2017	2/3/2018	"$450,919.00 "	"$2,212,322.27 "	"$2,212,322.27 "	I | TJN | MAR	NINTHDECIMAL	Child		PJQ0VG_TJN_MAR_023_Mobile_NINTHDECIMAL_DST_SV1_MAP_DIR_RCH_TRG_RON_BTG_PXT_DVY_LOCATION GRAPH: LABOR DAY SALES SHOPPERS_Run of Network_Behavioral_F25-54_320 x 50_Click and View_NV_NA	PJQ0VG	12/26/2017	2/3/2018	320 x 50	CPMV	8.50	"24,579,814"	"$208,928.42 "					MSNYID	MBUIMONY	MINH BUI	"2017-11-08 12:04:40, EST"	Prisma Campaign Ad server
TJN_MAR_023_Marshalls 2H Digital_F18	CPD8SG	9/5/2017	2/3/2018	"$450,919.00 "	"$2,212,322.27 "	"$2,212,322.27 "	I | TJN | MAR	NINTHDECIMAL	Child		PJQ0VH_TJN_MAR_023_Mobile_NINTHDECIMAL_DST_SV1_MAP_DIR_RCH_TRG_RON_BTG_DMA_DVY_CONSUMER JOURNEY: BARGAIN HUNTERS_Run of Network_Behavioral_F25-54_320 x 50_Click and View_NV_NA	PJQ0VH	12/26/2017	2/3/2018	320 x 50	CPMV	8.50	"24,579,814"	"$208,928.42 "					MSNYID	MBUIMONY	MINH BUI	"2017-11-08 12:04:40, EST"	Prisma Campaign Ad server
TJN_MAR_023_Marshalls 2H Digital_F18	CPD8SG	9/5/2017	2/3/2018	"$450,919.00 "	"$2,212,322.27 "	"$2,212,322.27 "	I | TJN | MAR	NINTHDECIMAL	Child		PJQ0VJ_TJN_MAR_023_Mobile_NINTHDECIMAL_DST_SV1_MAP_DIR_RCH_TRG_RON_BTG_DMA_DVY_3RD PARTY: SURPRISE CHOOSERS_Run of Network_Behavioral_F25-54_320 x 50_Click and View_NV_NA	PJQ0VJ	12/26/2017	2/3/2018	320 x 50	CPMV	8.50	"24,579,814"	"$208,928.42 "					MSNYID	MBUIMONY	MINH BUI	"2017-11-08 12:04:40, EST"	Prisma Campaign Ad server
TJN_MAR_023_Marshalls 2H Digital_F18	CPD8SG	9/5/2017	2/3/2018	"$450,919.00 "	"$2,212,322.27 "	"$2,212,322.27 "	I | TJN | MAR	NINTHDECIMAL	Child		"PJQ0VK_TJN_MAR_023_Mobile_NINTHDECIMAL_DST_SV1_MAP_DIR_RCH_TRG_RON_BTG_DMA_DVY_TV TARGETING: PEOPLE WHO WATCH BRAVO, TLC, HGTV, A&E, LIFETIME, DISCOVERY_Run of Network_Behavioral_F25-54_320 x 50_Click and View_NV_NA"	PJQ0VK	12/26/2017	2/3/2018	320 x 50	CPMV	8.50	"24,579,814"	"$208,928.42 "					MSNYID	MBUIMONY	MINH BUI	"2017-11-08 12:04:40, EST"	Prisma Campaign Ad server
TJN_MAR_023_Marshalls 2H Digital_F18	CPD8SG	9/5/2017	2/3/2018	"$450,919.00 "	"$2,212,322.27 "	"$2,212,322.27 "	I | TJN | MAR	SPOTIFY USA INC	Package		PK0H8N_TJN_MAR_023_Audience_SPOTIFY USA INC_DST_SV2_MAP_DIR_DSP_TRG_ROS_DMA_PXT_DVY_MOBILE AUDIO PACKAGE_Run of Site_Geo_F25-54_Click and View_NV_NA	PK0H8N	9/27/2017	11/12/2017		CPMV	14.04	"6,684,100"	"$93,844.77 "	"568,861"	"$7,986.81 "	"4,408,661"	"$61,897.60 "	MSNYID	MBUIMONY	MINH BUI	"2017-11-08 12:04:40, EST"	Prisma Campaign Ad server
TJN_MAR_023_Marshalls 2H Digital_F18	CPD8SG	9/5/2017	2/3/2018	"$450,919.00 "	"$2,212,322.27 "	"$2,212,322.27 "	I | TJN | MAR	SPOTIFY USA INC	Child		PK0H9Q_TJN_MAR_023_Audience_SPOTIFY USA INC_DST_SV2_MAP_DIR_DSP_TRG_ROS_DMA_PXT_DVY_MOBILE AUDIO_Run of Site_Geo_F25-54_1 x 1_Click and View_NV_NA	PK0H9Q	9/27/2017	11/12/2017	1 x 1	CPMV	14.04	"6,684,100"	"$93,844.77 "					MSNYID	MBUIMONY	MINH BUI	"2017-11-08 12:04:40, EST"	Prisma Campaign Ad server
TJN_MAR_023_Marshalls 2H Digital_F18	CPD8SG	9/5/2017	2/3/2018	"$450,919.00 "	"$2,212,322.27 "	"$2,212,322.27 "	I | TJN | MAR	SPOTIFY USA INC	Child		PK0HLF_TJN_MAR_023_Audience_SPOTIFY USA INC_DST_SV2_MAP_DIR_DSP_TRG_CMP_DMA_PXT_DVY_MOBILE AUDIO COMPANION BANNER 640X640_Run of Site_Geo_F25-54_640 x 640_Click and View_NV_NA	PK0HLF	9/27/2017	11/12/2017	640 x 640	CPMV	14.04	"6,684,100"	"$93,844.77 "					MSNYID	MBUIMONY	MINH BUI	"2017-11-08 12:04:40, EST"	Prisma Campaign Ad server
TJN_MAR_023_Marshalls 2H Digital_F18	CPD8SG	9/5/2017	2/3/2018	"$450,919.00 "	"$2,212,322.27 "	"$2,212,322.27 "	I | TJN | MAR	SPOTIFY USA INC	Standalone		PK0HN8_TJN_MAR_023_Audience_SPOTIFY USA INC_DST_SV2_MAP_DIR_DSP_TRG_ROS_DMA_PXT_DVY_MOBILE OVERLAY 630X920_Run of Site_Geo_F25-54_630 x 920_Click and View_NV_NA	PK0HN8	9/27/2017	11/12/2017	630 x 920	CPMV	15.60	"2,055,292"	"$32,062.56 "	"99,919"	"$1,558.74 "	"1,310,618"	"$20,445.64 "	MSNYID	MBUIMONY	MINH BUI	"2017-11-08 12:04:40, EST"	Prisma Campaign Ad server
TJN_MAR_023_Marshalls 2H Digital_F18	CPD8SG	9/5/2017	2/3/2018	"$450,919.00 "	"$2,212,322.27 "	"$2,212,322.27 "	I | TJN | MAR	SPOTIFY USA INC	Standalone		PK0JLG_TJN_MAR_023_Audience_SPOTIFY USA INC_DST_SV2_MAP_DIR_DSP_TRG_ROS_DMA_PXT_DVY_MOBILE OVERLAY 630X920_Run of Site_Geo_F25-54_630 x 920_Click and View_NV_NA	PK0JLG	12/26/2017	2/3/2018	630 x 920	CPMV	15.60	"1,749,185"	"$27,287.28 "					MSNYID	MBUIMONY	MINH BUI	"2017-11-08 12:04:40, EST"	Prisma Campaign Ad server
TJN_MAR_023_Marshalls 2H Digital_F18	CPD8SG	9/5/2017	2/3/2018	"$450,919.00 "	"$2,212,322.27 "	"$2,212,322.27 "	I | TJN | MAR	SPOTIFY USA INC	Package		PK0JM8_TJN_MAR_023_Audience_SPOTIFY USA INC_DST_SV2_MAP_DIR_DSP_TRG_ROS_DMA_PXT_DVY_MOBILE AUDIO PACKAGE_Run of Site_Geo_F25-54_Click and View_NV_NA	PK0JM8	12/26/2017	2/3/2018		CPMV	14.04	"5,688,596"	"$79,867.89 "					MSNYID	MBUIMONY	MINH BUI	"2017-11-08 12:04:40, EST"	Prisma Campaign Ad server
TJN_MAR_023_Marshalls 2H Digital_F18	CPD8SG	9/5/2017	2/3/2018	"$450,919.00 "	"$2,212,322.27 "	"$2,212,322.27 "	I | TJN | MAR	SPOTIFY USA INC	Child		PK0JM9_TJN_MAR_023_Audience_SPOTIFY USA INC_DST_SV2_MAP_DIR_DSP_TRG_ROS_DMA_PXT_DVY_MOBILE AUDIO_Run of Site_Geo_F25-54_1 x 1_Click and View_NV_NA	PK0JM9	12/26/2017	2/3/2018	1 x 1	CPMV	14.04	"5,688,596"	"$79,867.89 "					MSNYID	MBUIMONY	MINH BUI	"2017-11-08 12:04:40, EST"	Prisma Campaign Ad server
TJN_MAR_023_Marshalls 2H Digital_F18	CPD8SG	9/5/2017	2/3/2018	"$450,919.00 "	"$2,212,322.27 "	"$2,212,322.27 "	I | TJN | MAR	SPOTIFY USA INC	Child		PK0JMB_TJN_MAR_023_Audience_SPOTIFY USA INC_DST_SV2_MAP_DIR_DSP_TRG_CMP_DMA_PXT_DVY_MOBILE AUDIO COMPANION BANNER 640X640_Run of Site_Geo_F25-54_640 x 640_Click and View_NV_NA	PK0JMB	12/26/2017	2/3/2018	640 x 640	CPMV	14.04	"5,688,596"	"$79,867.89 "					MSNYID	MBUIMONY	MINH BUI	"2017-11-08 12:04:40, EST"	Prisma Campaign Ad server
TJN_MAR_023_Marshalls 2H Digital_F18	CPD8SG	9/5/2017	2/3/2018	"$450,919.00 "	"$2,212,322.27 "	"$2,212,322.27 "	I | TJN | MAR	SPOTIFY USA INC	Standalone		PKQJ9Z_TJN_MAR_023_Audience_SPOTIFY USA INC_DST_SV2_MAP_DIR_DSP_TRG_ROS_DMA_PXT_DVY_AV MOBILE OVERLAY 630X920_Run of Site_Geo_F25-54_630 x 920_Click and View_NV_NA	PKQJ9Z	11/1/2017	2/3/2018	630 x 920	Free	0.00	"815,000"	$0.00 					MSNYID	MBUIMONY	MINH BUI	"2017-11-08 12:04:40, EST"	Prisma Campaign Ad server
TJN_MAR_023_Marshalls 2H Digital_F18	CPD8SG	9/5/2017	2/3/2018	"$450,919.00 "	"$2,212,322.27 "	"$2,212,322.27 "	I | TJN | MAR	SPOTIFY USA INC	Package		PKQJCM_TJN_MAR_023_Audience_SPOTIFY USA INC_DST_SV2_MAP_DIR_DSP_TRG_ROS_DMA_PXT_DVY_AV MOBILE AUDIO PACKAGE_Run of Site_Geo_F25-54_Click and View_NV_NA	PKQJCM	10/19/2017	2/3/2018		Free	0.00	"2,185,000"	$0.00 			"200,000"	$0.00 	MSNYID	MBUIMONY	MINH BUI	"2017-11-08 12:04:40, EST"	Prisma Campaign Ad server
TJN_MAR_023_Marshalls 2H Digital_F18	CPD8SG	9/5/2017	2/3/2018	"$450,919.00 "	"$2,212,322.27 "	"$2,212,322.27 "	I | TJN | MAR	SPOTIFY USA INC	Child		PKQJCN_TJN_MAR_023_Audience_SPOTIFY USA INC_DST_SV2_MAP_DIR_DSP_TRG_ROS_DMA_PXT_DVY_AV MOBILE AUDIO_Run of Site_Geo_F25-54_1 x 1_Click and View_NV_NA	PKQJCN	10/19/2017	2/3/2018	1 x 1	Free	0.00	"2,185,000"	$0.00 					MSNYID	MBUIMONY	MINH BUI	"2017-11-08 12:04:40, EST"	Prisma Campaign Ad server
TJN_MAR_023_Marshalls 2H Digital_F18	CPD8SG	9/5/2017	2/3/2018	"$450,919.00 "	"$2,212,322.27 "	"$2,212,322.27 "	I | TJN | MAR	SPOTIFY USA INC	Child		PKQJCP_TJN_MAR_023_Audience_SPOTIFY USA INC_DST_SV2_MAP_DIR_DSP_TRG_CMP_DMA_PXT_DVY_AV MOBILE AUDIO COMPANION BANNER 640X640_Run of Site_Geo_F25-54_640 x 640_Click and View_NV_NA	PKQJCP	10/19/2017	2/3/2018	640 x 640	Free	0.00	"2,185,000"	$0.00 					MSNYID	MBUIMONY	MINH BUI	"2017-11-08 12:04:40, EST"	Prisma Campaign Ad server
